RecordNum | RecordType | TrainingSeconds | WaveletBasis | DecomposeLevel | NumFeatureRatio | NumFeature | Alpha | FP | FN | RI | TOC | ROC | TN | FPR | Se | Precision
106 | 0 | 120 | db8 | 4 | 0.7 | 8 | 0.95 | 112 | 99 | 1063 | 331 | 219 | 1493 | 0.66163141994 | 0.914802065404 | 0.904680851064
106 | 0 | 120 | db8 | 4 | 0.7 | 8 | 0.975 | 83 | 118 | 1092 | 283 | 200 | 1493 | 0.706713780919 | 0.902479338843 | 0.929361702128
106 | 0 | 180 | db8 | 4 | 0.7 | 8 | 0.95 | 110 | 113 | 1029 | 277 | 167 | 1419 | 0.602888086643 | 0.901050788091 | 0.90342405619
106 | 0 | 180 | db8 | 4 | 0.7 | 8 | 0.975 | 85 | 123 | 1054 | 242 | 157 | 1419 | 0.648760330579 | 0.895497026338 | 0.925373134328
106 | 0 | 240 | db8 | 4 | 0.7 | 8 | 0.95 | 121 | 93 | 961 | 308 | 187 | 1362 | 0.607142857143 | 0.911764705882 | 0.888170055453
106 | 0 | 240 | db8 | 4 | 0.7 | 8 | 0.975 | 89 | 109 | 993 | 260 | 171 | 1362 | 0.657692307692 | 0.90108892922 | 0.917744916821
106 | 0 | 300 | db8 | 4 | 0.7 | 8 | 0.95 | 140 | 79 | 881 | 340 | 200 | 1300 | 0.588235294118 | 0.917708333333 | 0.862879529873
106 | 0 | 300 | db8 | 4 | 0.7 | 8 | 0.975 | 101 | 97 | 920 | 283 | 182 | 1300 | 0.643109540636 | 0.904621435595 | 0.901077375122
106 | 0 | 120 | db8 | 4 | 0.8 | 12 | 0.95 | 120 | 54 | 1055 | 384 | 264 | 1493 | 0.6875 | 0.95130748422 | 0.897872340426
106 | 0 | 120 | db8 | 4 | 0.8 | 12 | 0.975 | 94 | 66 | 1081 | 346 | 252 | 1493 | 0.728323699422 | 0.94245858762 | 0.92
106 | 0 | 180 | db8 | 4 | 0.8 | 11 | 0.95 | 90 | 80 | 1049 | 290 | 200 | 1419 | 0.689655172414 | 0.929140832595 | 0.920983318701
106 | 0 | 180 | db8 | 4 | 0.8 | 11 | 0.975 | 76 | 88 | 1063 | 268 | 192 | 1419 | 0.716417910448 | 0.923544743701 | 0.933274802458
106 | 0 | 240 | db8 | 4 | 0.8 | 11 | 0.95 | 120 | 75 | 962 | 325 | 205 | 1362 | 0.630769230769 | 0.927675988428 | 0.889094269871
106 | 0 | 240 | db8 | 4 | 0.8 | 11 | 0.975 | 95 | 84 | 987 | 291 | 196 | 1362 | 0.6735395189 | 0.921568627451 | 0.912199630314
106 | 0 | 300 | db8 | 4 | 0.8 | 11 | 0.95 | 153 | 75 | 868 | 357 | 204 | 1300 | 0.571428571429 | 0.92046659597 | 0.850146914789
106 | 0 | 300 | db8 | 4 | 0.8 | 11 | 0.975 | 122 | 90 | 899 | 311 | 189 | 1300 | 0.607717041801 | 0.908998988878 | 0.880509304603
106 | 0 | 120 | db8 | 4 | 0.9 | 18 | 0.95 | 153 | 26 | 1022 | 445 | 292 | 1493 | 0.656179775281 | 0.975190839695 | 0.869787234043
106 | 0 | 120 | db8 | 4 | 0.9 | 18 | 0.975 | 119 | 32 | 1056 | 405 | 286 | 1493 | 0.706172839506 | 0.970588235294 | 0.898723404255
106 | 0 | 180 | db8 | 4 | 0.9 | 15 | 0.95 | 130 | 70 | 1009 | 340 | 210 | 1419 | 0.617647058824 | 0.935125115848 | 0.885864793679
106 | 0 | 180 | db8 | 4 | 0.9 | 15 | 0.975 | 101 | 76 | 1038 | 305 | 204 | 1419 | 0.668852459016 | 0.931777378815 | 0.91132572432
106 | 0 | 240 | db8 | 4 | 0.9 | 14 | 0.95 | 133 | 57 | 949 | 356 | 223 | 1362 | 0.626404494382 | 0.943339960239 | 0.87707948244
106 | 0 | 240 | db8 | 4 | 0.9 | 14 | 0.975 | 106 | 66 | 976 | 320 | 214 | 1362 | 0.66875 | 0.936660268714 | 0.902033271719
106 | 0 | 300 | db8 | 4 | 0.9 | 14 | 0.95 | 152 | 50 | 869 | 381 | 229 | 1300 | 0.601049868766 | 0.945593035909 | 0.851126346719
106 | 0 | 300 | db8 | 4 | 0.9 | 14 | 0.975 | 124 | 56 | 897 | 347 | 223 | 1300 | 0.64265129683 | 0.941238195173 | 0.878550440744
106 | 1 | 120 | db8 | 4 | 0.7 | 6 | 0.95 | 152 | 42 | 1023 | 428 | 276 | 1493 | 0.644859813084 | 0.960563380282 | 0.870638297872
106 | 1 | 120 | db8 | 4 | 0.7 | 6 | 0.975 | 121 | 59 | 1054 | 380 | 259 | 1493 | 0.681578947368 | 0.946990116801 | 0.897021276596
106 | 1 | 180 | db8 | 4 | 0.7 | 12 | 0.95 | 115 | 17 | 1024 | 378 | 263 | 1419 | 0.695767195767 | 0.983669548511 | 0.899034240562
106 | 1 | 180 | db8 | 4 | 0.7 | 12 | 0.975 | 100 | 26 | 1039 | 354 | 254 | 1419 | 0.717514124294 | 0.97558685446 | 0.912203687445
106 | 1 | 240 | db8 | 4 | 0.7 | 12 | 0.95 | 170 | 13 | 912 | 437 | 267 | 1362 | 0.610983981693 | 0.985945945946 | 0.842883548983
106 | 1 | 240 | db8 | 4 | 0.7 | 12 | 0.975 | 148 | 20 | 934 | 408 | 260 | 1362 | 0.637254901961 | 0.979035639413 | 0.863216266174
106 | 1 | 300 | db8 | 4 | 0.7 | 12 | 0.95 | 168 | 9 | 853 | 438 | 270 | 1300 | 0.616438356164 | 0.989559164733 | 0.835455435847
106 | 1 | 300 | db8 | 4 | 0.7 | 12 | 0.975 | 150 | 14 | 871 | 415 | 265 | 1300 | 0.638554216867 | 0.98418079096 | 0.853085210578
106 | 1 | 120 | db8 | 4 | 0.8 | 9 | 0.95 | 186 | 27 | 989 | 477 | 291 | 1493 | 0.610062893082 | 0.97342519685 | 0.84170212766
106 | 1 | 120 | db8 | 4 | 0.8 | 9 | 0.975 | 163 | 37 | 1012 | 444 | 281 | 1493 | 0.632882882883 | 0.964728312679 | 0.861276595745
106 | 1 | 180 | db8 | 4 | 0.8 | 15 | 0.95 | 150 | 13 | 989 | 417 | 267 | 1419 | 0.640287769784 | 0.987025948104 | 0.868305531168
106 | 1 | 180 | db8 | 4 | 0.8 | 15 | 0.975 | 130 | 17 | 1009 | 393 | 263 | 1419 | 0.669211195929 | 0.98343079922 | 0.885864793679
106 | 1 | 240 | db8 | 4 | 0.8 | 15 | 0.95 | 166 | 7 | 916 | 439 | 273 | 1362 | 0.621867881549 | 0.99241603467 | 0.846580406654
106 | 1 | 240 | db8 | 4 | 0.8 | 15 | 0.975 | 147 | 10 | 935 | 417 | 270 | 1362 | 0.647482014388 | 0.989417989418 | 0.864140480591
106 | 1 | 300 | db8 | 4 | 0.8 | 15 | 0.95 | 175 | 4 | 846 | 450 | 275 | 1300 | 0.611111111111 | 0.995294117647 | 0.828599412341
106 | 1 | 300 | db8 | 4 | 0.8 | 15 | 0.975 | 151 | 7 | 870 | 423 | 272 | 1300 | 0.643026004728 | 0.992018244014 | 0.852105778648
106 | 1 | 120 | db8 | 4 | 0.9 | 14 | 0.95 | 196 | 17 | 979 | 497 | 301 | 1493 | 0.605633802817 | 0.982931726908 | 0.833191489362
106 | 1 | 120 | db8 | 4 | 0.9 | 14 | 0.975 | 166 | 22 | 1009 | 462 | 296 | 1493 | 0.640692640693 | 0.978661493695 | 0.858723404255
106 | 1 | 180 | db8 | 4 | 0.9 | 21 | 0.95 | 197 | 7 | 942 | 470 | 273 | 1419 | 0.58085106383 | 0.992623814542 | 0.827041264267
106 | 1 | 180 | db8 | 4 | 0.9 | 21 | 0.975 | 174 | 8 | 965 | 446 | 272 | 1419 | 0.609865470852 | 0.991778006166 | 0.847234416155
106 | 1 | 240 | db8 | 4 | 0.9 | 21 | 0.95 | 214 | 4 | 868 | 490 | 276 | 1362 | 0.563265306122 | 0.995412844037 | 0.802218114603
106 | 1 | 240 | db8 | 4 | 0.9 | 21 | 0.975 | 196 | 7 | 886 | 469 | 273 | 1362 | 0.582089552239 | 0.992161254199 | 0.818853974122
106 | 1 | 300 | db8 | 4 | 0.9 | 22 | 0.95 | 235 | 3 | 786 | 511 | 276 | 1300 | 0.54011741683 | 0.996197718631 | 0.769833496572
106 | 1 | 300 | db8 | 4 | 0.9 | 22 | 0.975 | 215 | 5 | 806 | 489 | 274 | 1300 | 0.560327198364 | 0.993834771887 | 0.789422135162
116 | 0 | 120 | db8 | 4 | 0.7 | 6 | 0.95 | 792 | 0 | 884 | 888 | 96 | 1772 | 0.108108108108 | 1.0 | 0.527446300716
116 | 0 | 120 | db8 | 4 | 0.7 | 6 | 0.975 | 755 | 0 | 921 | 851 | 96 | 1772 | 0.112808460635 | 1.0 | 0.549522673031
116 | 0 | 180 | db8 | 4 | 0.7 | 5 | 0.95 | 760 | 0 | 840 | 853 | 93 | 1693 | 0.109026963658 | 1.0 | 0.525
116 | 0 | 180 | db8 | 4 | 0.7 | 5 | 0.975 | 712 | 0 | 888 | 805 | 93 | 1693 | 0.115527950311 | 1.0 | 0.555
116 | 0 | 240 | db8 | 4 | 0.7 | 5 | 0.95 | 755 | 0 | 766 | 847 | 92 | 1613 | 0.108618654073 | 1.0 | 0.503616042078
116 | 0 | 240 | db8 | 4 | 0.7 | 5 | 0.975 | 723 | 0 | 798 | 815 | 92 | 1613 | 0.112883435583 | 1.0 | 0.524654832347
116 | 0 | 300 | db8 | 4 | 0.7 | 5 | 0.95 | 693 | 0 | 753 | 780 | 87 | 1533 | 0.111538461538 | 1.0 | 0.520746887967
116 | 0 | 300 | db8 | 4 | 0.7 | 5 | 0.975 | 641 | 0 | 805 | 728 | 87 | 1533 | 0.119505494505 | 1.0 | 0.556708160443
116 | 0 | 120 | db8 | 4 | 0.8 | 7 | 0.95 | 792 | 0 | 884 | 888 | 96 | 1772 | 0.108108108108 | 1.0 | 0.527446300716
116 | 0 | 120 | db8 | 4 | 0.8 | 7 | 0.975 | 756 | 0 | 920 | 852 | 96 | 1772 | 0.112676056338 | 1.0 | 0.54892601432
116 | 0 | 180 | db8 | 4 | 0.8 | 6 | 0.95 | 742 | 0 | 858 | 835 | 93 | 1693 | 0.111377245509 | 1.0 | 0.53625
116 | 0 | 180 | db8 | 4 | 0.8 | 6 | 0.975 | 697 | 0 | 903 | 790 | 93 | 1693 | 0.117721518987 | 1.0 | 0.564375
116 | 0 | 240 | db8 | 4 | 0.8 | 6 | 0.95 | 751 | 0 | 770 | 843 | 92 | 1613 | 0.109134045077 | 1.0 | 0.506245890861
116 | 0 | 240 | db8 | 4 | 0.8 | 6 | 0.975 | 714 | 0 | 807 | 806 | 92 | 1613 | 0.114143920596 | 1.0 | 0.53057199211
116 | 0 | 300 | db8 | 4 | 0.8 | 6 | 0.95 | 683 | 0 | 763 | 770 | 87 | 1533 | 0.112987012987 | 1.0 | 0.527662517289
116 | 0 | 300 | db8 | 4 | 0.8 | 6 | 0.975 | 616 | 0 | 830 | 703 | 87 | 1533 | 0.123755334282 | 1.0 | 0.573997233748
116 | 0 | 120 | db8 | 4 | 0.9 | 10 | 0.95 | 798 | 0 | 878 | 894 | 96 | 1772 | 0.107382550336 | 1.0 | 0.523866348449
116 | 0 | 120 | db8 | 4 | 0.9 | 10 | 0.975 | 758 | 0 | 918 | 854 | 96 | 1772 | 0.112412177986 | 1.0 | 0.547732696897
116 | 0 | 180 | db8 | 4 | 0.9 | 9 | 0.95 | 728 | 0 | 872 | 821 | 93 | 1693 | 0.113276492083 | 1.0 | 0.545
116 | 0 | 180 | db8 | 4 | 0.9 | 9 | 0.975 | 677 | 0 | 923 | 770 | 93 | 1693 | 0.120779220779 | 1.0 | 0.576875
116 | 0 | 240 | db8 | 4 | 0.9 | 9 | 0.95 | 755 | 0 | 766 | 847 | 92 | 1613 | 0.108618654073 | 1.0 | 0.503616042078
116 | 0 | 240 | db8 | 4 | 0.9 | 9 | 0.975 | 705 | 0 | 816 | 797 | 92 | 1613 | 0.115432873275 | 1.0 | 0.536489151874
116 | 0 | 300 | db8 | 4 | 0.9 | 9 | 0.95 | 661 | 0 | 785 | 748 | 87 | 1533 | 0.116310160428 | 1.0 | 0.542876901798
116 | 0 | 300 | db8 | 4 | 0.9 | 9 | 0.975 | 615 | 0 | 831 | 702 | 87 | 1533 | 0.123931623932 | 1.0 | 0.57468879668
116 | 1 | 120 | db8 | 4 | 0.7 | 1 | 0.95 | 1 | 60 | 1675 | 37 | 36 | 1772 | 0.972972972973 | 0.965417867435 | 0.999403341289
116 | 1 | 120 | db8 | 4 | 0.7 | 1 | 0.975 | 0 | 64 | 1676 | 32 | 32 | 1772 | 1.0 | 0.963218390805 | 1.0
116 | 1 | 180 | db8 | 4 | 0.7 | 2 | 0.95 | 107 | 44 | 1493 | 156 | 49 | 1693 | 0.314102564103 | 0.971372804164 | 0.933125
116 | 1 | 180 | db8 | 4 | 0.7 | 2 | 0.975 | 62 | 49 | 1538 | 106 | 44 | 1693 | 0.415094339623 | 0.969124133585 | 0.96125
116 | 1 | 240 | db8 | 4 | 0.7 | 4 | 0.95 | 120 | 10 | 1401 | 202 | 82 | 1613 | 0.405940594059 | 0.992912827782 | 0.921104536489
116 | 1 | 240 | db8 | 4 | 0.7 | 4 | 0.975 | 78 | 17 | 1443 | 153 | 75 | 1613 | 0.490196078431 | 0.988356164384 | 0.948717948718
116 | 1 | 300 | db8 | 4 | 0.7 | 6 | 0.95 | 192 | 17 | 1254 | 262 | 70 | 1533 | 0.267175572519 | 0.986624704957 | 0.867219917012
116 | 1 | 300 | db8 | 4 | 0.7 | 6 | 0.975 | 127 | 22 | 1319 | 192 | 65 | 1533 | 0.338541666667 | 0.983594332588 | 0.912171507607
116 | 1 | 120 | db8 | 4 | 0.8 | 4 | 0.95 | 62 | 20 | 1614 | 138 | 76 | 1772 | 0.550724637681 | 0.987760097919 | 0.963007159905
116 | 1 | 120 | db8 | 4 | 0.8 | 4 | 0.975 | 25 | 26 | 1651 | 95 | 70 | 1772 | 0.736842105263 | 0.984496124031 | 0.98508353222
116 | 1 | 180 | db8 | 4 | 0.8 | 4 | 0.95 | 127 | 13 | 1473 | 207 | 80 | 1693 | 0.386473429952 | 0.991251682369 | 0.920625
116 | 1 | 180 | db8 | 4 | 0.8 | 4 | 0.975 | 71 | 16 | 1529 | 148 | 77 | 1693 | 0.52027027027 | 0.989644012945 | 0.955625
116 | 1 | 240 | db8 | 4 | 0.8 | 7 | 0.95 | 208 | 13 | 1313 | 287 | 79 | 1613 | 0.275261324042 | 0.990196078431 | 0.863247863248
116 | 1 | 240 | db8 | 4 | 0.8 | 7 | 0.975 | 146 | 19 | 1375 | 219 | 73 | 1613 | 0.333333333333 | 0.986370157819 | 0.904010519395
116 | 1 | 300 | db8 | 4 | 0.8 | 11 | 0.95 | 189 | 0 | 1257 | 276 | 87 | 1533 | 0.315217391304 | 1.0 | 0.869294605809
116 | 1 | 300 | db8 | 4 | 0.8 | 11 | 0.975 | 139 | 1 | 1307 | 225 | 86 | 1533 | 0.382222222222 | 0.999235474006 | 0.90387275242
116 | 1 | 120 | db8 | 4 | 0.9 | 10 | 0.95 | 200 | 10 | 1476 | 286 | 86 | 1772 | 0.300699300699 | 0.993270524899 | 0.880668257757
116 | 1 | 120 | db8 | 4 | 0.9 | 10 | 0.975 | 141 | 13 | 1535 | 224 | 83 | 1772 | 0.370535714286 | 0.991602067183 | 0.915871121718
116 | 1 | 180 | db8 | 4 | 0.9 | 10 | 0.95 | 248 | 2 | 1352 | 339 | 91 | 1693 | 0.268436578171 | 0.998522895126 | 0.845
116 | 1 | 180 | db8 | 4 | 0.9 | 10 | 0.975 | 176 | 2 | 1424 | 267 | 91 | 1693 | 0.340823970037 | 0.998597475456 | 0.89
116 | 1 | 240 | db8 | 4 | 0.9 | 14 | 0.95 | 227 | 1 | 1294 | 318 | 91 | 1613 | 0.286163522013 | 0.999227799228 | 0.850756081525
116 | 1 | 240 | db8 | 4 | 0.9 | 14 | 0.975 | 168 | 3 | 1353 | 257 | 89 | 1613 | 0.346303501946 | 0.997787610619 | 0.889546351085
116 | 1 | 300 | db8 | 4 | 0.9 | 19 | 0.95 | 160 | 0 | 1286 | 247 | 87 | 1533 | 0.352226720648 | 1.0 | 0.889349930844
116 | 1 | 300 | db8 | 4 | 0.9 | 19 | 0.975 | 124 | 0 | 1322 | 211 | 87 | 1533 | 0.412322274882 | 1.0 | 0.914246196404
119 | 0 | 120 | db8 | 4 | 0.7 | 8 | 0.95 | 48 | 170 | 1088 | 216 | 168 | 1474 | 0.777777777778 | 0.864864864865 | 0.957746478873
119 | 0 | 120 | db8 | 4 | 0.7 | 8 | 0.975 | 37 | 208 | 1099 | 167 | 130 | 1474 | 0.778443113772 | 0.840856924254 | 0.967429577465
119 | 0 | 180 | db8 | 4 | 0.7 | 8 | 0.95 | 50 | 142 | 1034 | 231 | 181 | 1407 | 0.78354978355 | 0.87925170068 | 0.953874538745
119 | 0 | 180 | db8 | 4 | 0.7 | 8 | 0.975 | 36 | 171 | 1048 | 188 | 152 | 1407 | 0.808510638298 | 0.859721082855 | 0.966789667897
119 | 0 | 240 | db8 | 4 | 0.7 | 8 | 0.95 | 56 | 131 | 983 | 229 | 173 | 1343 | 0.755458515284 | 0.882405745063 | 0.946102021174
119 | 0 | 240 | db8 | 4 | 0.7 | 8 | 0.975 | 40 | 157 | 999 | 187 | 147 | 1343 | 0.786096256684 | 0.864186851211 | 0.961501443696
119 | 0 | 300 | db8 | 4 | 0.7 | 7 | 0.95 | 49 | 172 | 945 | 161 | 112 | 1278 | 0.695652173913 | 0.846016114593 | 0.950704225352
119 | 0 | 300 | db8 | 4 | 0.7 | 7 | 0.975 | 34 | 200 | 960 | 118 | 84 | 1278 | 0.71186440678 | 0.827586206897 | 0.965794768612
119 | 0 | 120 | db8 | 4 | 0.8 | 12 | 0.95 | 52 | 65 | 1084 | 325 | 273 | 1474 | 0.84 | 0.943429068755 | 0.954225352113
119 | 0 | 120 | db8 | 4 | 0.8 | 12 | 0.975 | 39 | 91 | 1097 | 286 | 247 | 1474 | 0.863636363636 | 0.923400673401 | 0.965669014085
119 | 0 | 180 | db8 | 4 | 0.8 | 12 | 0.95 | 51 | 84 | 1033 | 290 | 239 | 1407 | 0.824137931034 | 0.924798567592 | 0.95295202952
119 | 0 | 180 | db8 | 4 | 0.8 | 12 | 0.975 | 40 | 113 | 1044 | 250 | 210 | 1407 | 0.84 | 0.902333621435 | 0.963099630996
119 | 0 | 240 | db8 | 4 | 0.8 | 12 | 0.95 | 53 | 84 | 986 | 273 | 220 | 1343 | 0.805860805861 | 0.921495327103 | 0.948989412897
119 | 0 | 240 | db8 | 4 | 0.8 | 12 | 0.975 | 42 | 110 | 997 | 236 | 194 | 1343 | 0.822033898305 | 0.900632339657 | 0.959576515881
119 | 0 | 300 | db8 | 4 | 0.8 | 11 | 0.95 | 47 | 93 | 947 | 238 | 191 | 1278 | 0.802521008403 | 0.910576923077 | 0.952716297787
119 | 0 | 300 | db8 | 4 | 0.8 | 11 | 0.975 | 35 | 124 | 959 | 195 | 160 | 1278 | 0.820512820513 | 0.885503231764 | 0.964788732394
119 | 0 | 120 | db8 | 4 | 0.9 | 18 | 0.95 | 99 | 38 | 1037 | 399 | 300 | 1474 | 0.751879699248 | 0.964651162791 | 0.912852112676
119 | 0 | 120 | db8 | 4 | 0.9 | 18 | 0.975 | 74 | 65 | 1062 | 347 | 273 | 1474 | 0.78674351585 | 0.942324755989 | 0.93485915493
119 | 0 | 180 | db8 | 4 | 0.9 | 18 | 0.95 | 73 | 82 | 1011 | 314 | 241 | 1407 | 0.767515923567 | 0.924977127173 | 0.932656826568
119 | 0 | 180 | db8 | 4 | 0.9 | 18 | 0.975 | 53 | 107 | 1031 | 269 | 216 | 1407 | 0.802973977695 | 0.905975395431 | 0.95110701107
119 | 0 | 240 | db8 | 4 | 0.9 | 18 | 0.95 | 68 | 80 | 971 | 292 | 224 | 1343 | 0.767123287671 | 0.923882017127 | 0.934552454283
119 | 0 | 240 | db8 | 4 | 0.9 | 18 | 0.975 | 53 | 112 | 986 | 245 | 192 | 1343 | 0.783673469388 | 0.897996357013 | 0.948989412897
119 | 0 | 300 | db8 | 4 | 0.9 | 17 | 0.95 | 58 | 93 | 936 | 249 | 191 | 1278 | 0.767068273092 | 0.909620991254 | 0.941649899396
119 | 0 | 300 | db8 | 4 | 0.9 | 17 | 0.975 | 47 | 117 | 947 | 214 | 167 | 1278 | 0.780373831776 | 0.890037593985 | 0.952716297787
119 | 1 | 120 | db8 | 4 | 0.7 | 6 | 0.95 | 83 | 128 | 1053 | 293 | 210 | 1474 | 0.716723549488 | 0.891617273497 | 0.926936619718
119 | 1 | 120 | db8 | 4 | 0.7 | 6 | 0.975 | 69 | 185 | 1067 | 222 | 153 | 1474 | 0.689189189189 | 0.852236421725 | 0.93926056338
119 | 1 | 180 | db8 | 4 | 0.7 | 6 | 0.95 | 76 | 99 | 1008 | 300 | 224 | 1407 | 0.746666666667 | 0.910569105691 | 0.929889298893
119 | 1 | 180 | db8 | 4 | 0.7 | 6 | 0.975 | 65 | 134 | 1019 | 254 | 189 | 1407 | 0.744094488189 | 0.883781439722 | 0.940036900369
119 | 1 | 240 | db8 | 4 | 0.7 | 6 | 0.95 | 68 | 107 | 971 | 265 | 197 | 1343 | 0.743396226415 | 0.900742115028 | 0.934552454283
119 | 1 | 240 | db8 | 4 | 0.7 | 6 | 0.975 | 58 | 140 | 981 | 222 | 164 | 1343 | 0.738738738739 | 0.875111507583 | 0.944177093359
119 | 1 | 300 | db8 | 4 | 0.7 | 6 | 0.95 | 61 | 160 | 933 | 185 | 124 | 1278 | 0.67027027027 | 0.853613906679 | 0.938631790744
119 | 1 | 300 | db8 | 4 | 0.7 | 6 | 0.975 | 53 | 187 | 941 | 150 | 97 | 1278 | 0.646666666667 | 0.834219858156 | 0.946680080483
119 | 1 | 120 | db8 | 4 | 0.8 | 8 | 0.95 | 76 | 105 | 1060 | 309 | 233 | 1474 | 0.754045307443 | 0.909871244635 | 0.933098591549
119 | 1 | 120 | db8 | 4 | 0.8 | 8 | 0.975 | 66 | 134 | 1070 | 270 | 204 | 1474 | 0.755555555556 | 0.888704318937 | 0.941901408451
119 | 1 | 180 | db8 | 4 | 0.8 | 8 | 0.95 | 76 | 129 | 1008 | 270 | 194 | 1407 | 0.718518518519 | 0.88654353562 | 0.929889298893
119 | 1 | 180 | db8 | 4 | 0.8 | 8 | 0.975 | 65 | 161 | 1019 | 227 | 162 | 1407 | 0.713656387665 | 0.863559322034 | 0.940036900369
119 | 1 | 240 | db8 | 4 | 0.8 | 9 | 0.95 | 69 | 121 | 970 | 252 | 183 | 1343 | 0.72619047619 | 0.889092575619 | 0.933589990375
119 | 1 | 240 | db8 | 4 | 0.8 | 9 | 0.975 | 53 | 148 | 986 | 209 | 156 | 1343 | 0.746411483254 | 0.869488536155 | 0.948989412897
119 | 1 | 300 | db8 | 4 | 0.8 | 9 | 0.95 | 54 | 129 | 940 | 209 | 155 | 1278 | 0.741626794258 | 0.87932647334 | 0.945674044266
119 | 1 | 300 | db8 | 4 | 0.8 | 9 | 0.975 | 48 | 151 | 946 | 181 | 133 | 1278 | 0.734806629834 | 0.862351868733 | 0.951710261569
119 | 1 | 120 | db8 | 4 | 0.9 | 13 | 0.95 | 86 | 46 | 1050 | 378 | 292 | 1474 | 0.772486772487 | 0.95802919708 | 0.924295774648
119 | 1 | 120 | db8 | 4 | 0.9 | 13 | 0.975 | 75 | 68 | 1061 | 345 | 270 | 1474 | 0.782608695652 | 0.939769707706 | 0.933978873239
119 | 1 | 180 | db8 | 4 | 0.9 | 13 | 0.95 | 78 | 62 | 1006 | 339 | 261 | 1407 | 0.769911504425 | 0.941947565543 | 0.928044280443
119 | 1 | 180 | db8 | 4 | 0.9 | 13 | 0.975 | 61 | 86 | 1023 | 298 | 237 | 1407 | 0.795302013423 | 0.922452660054 | 0.943726937269
119 | 1 | 240 | db8 | 4 | 0.9 | 13 | 0.95 | 71 | 75 | 968 | 300 | 229 | 1343 | 0.763333333333 | 0.928092042186 | 0.93166506256
119 | 1 | 240 | db8 | 4 | 0.9 | 13 | 0.975 | 60 | 94 | 979 | 270 | 210 | 1343 | 0.777777777778 | 0.912395153774 | 0.942252165544
119 | 1 | 300 | db8 | 4 | 0.9 | 13 | 0.95 | 61 | 85 | 933 | 260 | 199 | 1278 | 0.765384615385 | 0.916502946955 | 0.938631790744
119 | 1 | 300 | db8 | 4 | 0.9 | 13 | 0.975 | 58 | 103 | 936 | 239 | 181 | 1278 | 0.757322175732 | 0.900866217517 | 0.941649899396
203 | 0 | 120 | db8 | 4 | 0.7 | 9 | 0.95 | 142 | 121 | 1742 | 358 | 216 | 2221 | 0.603351955307 | 0.935050993022 | 0.924628450106
203 | 0 | 120 | db8 | 4 | 0.7 | 9 | 0.975 | 122 | 146 | 1762 | 313 | 191 | 2221 | 0.610223642173 | 0.923480083857 | 0.935244161359
203 | 0 | 180 | db8 | 4 | 0.7 | 9 | 0.95 | 138 | 124 | 1657 | 342 | 204 | 2123 | 0.59649122807 | 0.93037619315 | 0.923119777159
203 | 0 | 180 | db8 | 4 | 0.7 | 9 | 0.975 | 111 | 145 | 1684 | 294 | 183 | 2123 | 0.622448979592 | 0.92072170585 | 0.938161559889
203 | 0 | 240 | db8 | 4 | 0.7 | 10 | 0.95 | 148 | 57 | 1561 | 409 | 261 | 2027 | 0.638141809291 | 0.964771322621 | 0.913399648917
203 | 0 | 240 | db8 | 4 | 0.7 | 10 | 0.975 | 128 | 73 | 1581 | 373 | 245 | 2027 | 0.656836461126 | 0.955864570738 | 0.925102399064
203 | 0 | 300 | db8 | 4 | 0.7 | 9 | 0.95 | 161 | 67 | 1470 | 394 | 233 | 1931 | 0.591370558376 | 0.956408588159 | 0.901287553648
203 | 0 | 300 | db8 | 4 | 0.7 | 9 | 0.975 | 139 | 90 | 1492 | 349 | 210 | 1931 | 0.601719197708 | 0.943109987358 | 0.914776210914
203 | 0 | 120 | db8 | 4 | 0.8 | 11 | 0.95 | 147 | 87 | 1737 | 397 | 250 | 2221 | 0.629722921914 | 0.952302631579 | 0.921974522293
203 | 0 | 120 | db8 | 4 | 0.8 | 11 | 0.975 | 124 | 108 | 1760 | 353 | 229 | 2221 | 0.648725212465 | 0.942184154176 | 0.934182590234
203 | 0 | 180 | db8 | 4 | 0.8 | 11 | 0.95 | 148 | 84 | 1647 | 392 | 244 | 2123 | 0.622448979592 | 0.951473136915 | 0.917548746518
203 | 0 | 180 | db8 | 4 | 0.8 | 11 | 0.975 | 119 | 105 | 1676 | 342 | 223 | 2123 | 0.652046783626 | 0.941044357103 | 0.933704735376
203 | 0 | 240 | db8 | 4 | 0.8 | 12 | 0.95 | 174 | 61 | 1535 | 431 | 257 | 2027 | 0.596287703016 | 0.961779448622 | 0.898186073727
203 | 0 | 240 | db8 | 4 | 0.8 | 12 | 0.975 | 150 | 82 | 1559 | 386 | 236 | 2027 | 0.611398963731 | 0.950030469226 | 0.912229373903
203 | 0 | 300 | db8 | 4 | 0.8 | 12 | 0.95 | 190 | 58 | 1441 | 432 | 242 | 1931 | 0.560185185185 | 0.961307538359 | 0.883507050889
203 | 0 | 300 | db8 | 4 | 0.8 | 12 | 0.975 | 161 | 77 | 1470 | 384 | 223 | 1931 | 0.580729166667 | 0.950226244344 | 0.901287553648
203 | 0 | 120 | db8 | 4 | 0.9 | 17 | 0.95 | 184 | 87 | 1700 | 434 | 250 | 2221 | 0.576036866359 | 0.951315053162 | 0.902335456476
203 | 0 | 120 | db8 | 4 | 0.9 | 17 | 0.975 | 155 | 109 | 1729 | 383 | 228 | 2221 | 0.595300261097 | 0.94069640914 | 0.917728237792
203 | 0 | 180 | db8 | 4 | 0.9 | 17 | 0.95 | 192 | 84 | 1603 | 436 | 244 | 2123 | 0.559633027523 | 0.95020746888 | 0.893036211699
203 | 0 | 180 | db8 | 4 | 0.9 | 17 | 0.975 | 148 | 97 | 1647 | 379 | 231 | 2123 | 0.609498680739 | 0.944380733945 | 0.917548746518
203 | 0 | 240 | db8 | 4 | 0.9 | 19 | 0.95 | 252 | 70 | 1457 | 500 | 248 | 2027 | 0.496 | 0.954158480681 | 0.852545348157
203 | 0 | 240 | db8 | 4 | 0.9 | 19 | 0.975 | 219 | 80 | 1490 | 457 | 238 | 2027 | 0.520787746171 | 0.949044585987 | 0.871854885898
203 | 0 | 300 | db8 | 4 | 0.9 | 17 | 0.95 | 255 | 58 | 1376 | 497 | 242 | 1931 | 0.486921529175 | 0.959553695955 | 0.843654199877
203 | 0 | 300 | db8 | 4 | 0.9 | 17 | 0.975 | 223 | 72 | 1408 | 451 | 228 | 1931 | 0.505543237251 | 0.951351351351 | 0.863274064991
203 | 1 | 120 | db8 | 4 | 0.7 | 9 | 0.95 | 440 | 160 | 1444 | 617 | 177 | 2221 | 0.286871961102 | 0.900249376559 | 0.766454352442
203 | 1 | 120 | db8 | 4 | 0.7 | 9 | 0.975 | 396 | 181 | 1488 | 552 | 156 | 2221 | 0.282608695652 | 0.891551827442 | 0.789808917197
203 | 1 | 180 | db8 | 4 | 0.7 | 10 | 0.95 | 488 | 146 | 1307 | 670 | 182 | 2123 | 0.271641791045 | 0.899518238128 | 0.728133704735
203 | 1 | 180 | db8 | 4 | 0.7 | 10 | 0.975 | 440 | 170 | 1355 | 598 | 158 | 2123 | 0.264214046823 | 0.888524590164 | 0.754874651811
203 | 1 | 240 | db8 | 4 | 0.7 | 11 | 0.95 | 543 | 120 | 1166 | 741 | 198 | 2027 | 0.267206477733 | 0.906687402799 | 0.682270333528
203 | 1 | 240 | db8 | 4 | 0.7 | 11 | 0.975 | 497 | 141 | 1212 | 674 | 177 | 2027 | 0.262611275964 | 0.89578713969 | 0.709186658865
203 | 1 | 300 | db8 | 4 | 0.7 | 10 | 0.95 | 503 | 106 | 1128 | 697 | 194 | 1931 | 0.278335724534 | 0.914100486224 | 0.691600245248
203 | 1 | 300 | db8 | 4 | 0.7 | 10 | 0.975 | 469 | 126 | 1162 | 643 | 174 | 1931 | 0.270606531882 | 0.902173913043 | 0.712446351931
203 | 1 | 120 | db8 | 4 | 0.8 | 12 | 0.95 | 456 | 156 | 1428 | 637 | 181 | 2221 | 0.284144427002 | 0.901515151515 | 0.757961783439
203 | 1 | 120 | db8 | 4 | 0.8 | 12 | 0.975 | 419 | 184 | 1465 | 572 | 153 | 2221 | 0.267482517483 | 0.888417222559 | 0.777600849257
203 | 1 | 180 | db8 | 4 | 0.8 | 13 | 0.95 | 514 | 145 | 1281 | 697 | 183 | 2123 | 0.262553802009 | 0.898316970547 | 0.71364902507
203 | 1 | 180 | db8 | 4 | 0.8 | 13 | 0.975 | 464 | 165 | 1331 | 627 | 163 | 2123 | 0.259968102073 | 0.889705882353 | 0.741504178273
203 | 1 | 240 | db8 | 4 | 0.8 | 14 | 0.95 | 538 | 88 | 1171 | 768 | 230 | 2027 | 0.299479166667 | 0.930103256553 | 0.685196021065
203 | 1 | 240 | db8 | 4 | 0.8 | 14 | 0.975 | 503 | 110 | 1206 | 711 | 208 | 2027 | 0.292545710267 | 0.91641337386 | 0.705675833821
203 | 1 | 300 | db8 | 4 | 0.8 | 13 | 0.95 | 538 | 80 | 1093 | 758 | 220 | 1931 | 0.290237467018 | 0.931798806479 | 0.670141017781
203 | 1 | 300 | db8 | 4 | 0.8 | 13 | 0.975 | 502 | 96 | 1129 | 706 | 204 | 1931 | 0.28895184136 | 0.921632653061 | 0.692213366033
203 | 1 | 120 | db8 | 4 | 0.9 | 18 | 0.95 | 481 | 120 | 1403 | 698 | 217 | 2221 | 0.310888252149 | 0.921208141825 | 0.744692144374
203 | 1 | 120 | db8 | 4 | 0.9 | 18 | 0.975 | 446 | 136 | 1438 | 647 | 201 | 2221 | 0.310664605873 | 0.913595933926 | 0.763269639066
203 | 1 | 180 | db8 | 4 | 0.9 | 20 | 0.95 | 525 | 90 | 1270 | 763 | 238 | 2123 | 0.311926605505 | 0.933823529412 | 0.707520891365
203 | 1 | 180 | db8 | 4 | 0.9 | 20 | 0.975 | 485 | 110 | 1310 | 703 | 218 | 2123 | 0.310099573257 | 0.922535211268 | 0.729805013928
203 | 1 | 240 | db8 | 4 | 0.9 | 22 | 0.95 | 573 | 68 | 1136 | 823 | 250 | 2027 | 0.303766707169 | 0.943521594684 | 0.664716208309
203 | 1 | 240 | db8 | 4 | 0.9 | 22 | 0.975 | 543 | 85 | 1166 | 776 | 233 | 2027 | 0.300257731959 | 0.932054356515 | 0.682270333528
203 | 1 | 300 | db8 | 4 | 0.9 | 18 | 0.95 | 551 | 74 | 1080 | 777 | 226 | 1931 | 0.290862290862 | 0.935875216638 | 0.662170447578
203 | 1 | 300 | db8 | 4 | 0.9 | 18 | 0.975 | 524 | 90 | 1107 | 734 | 210 | 1931 | 0.286103542234 | 0.924812030075 | 0.678724708768
208 | 0 | 120 | db8 | 4 | 0.7 | 8 | 0.95 | 167 | 615 | 987 | 285 | 118 | 1887 | 0.414035087719 | 0.616104868914 | 0.855285961872
208 | 0 | 120 | db8 | 4 | 0.7 | 8 | 0.975 | 149 | 640 | 1005 | 242 | 93 | 1887 | 0.384297520661 | 0.61094224924 | 0.870883882149
208 | 0 | 180 | db8 | 4 | 0.7 | 8 | 0.95 | 188 | 545 | 919 | 338 | 150 | 1802 | 0.443786982249 | 0.627732240437 | 0.83017163505
208 | 0 | 180 | db8 | 4 | 0.7 | 8 | 0.975 | 171 | 585 | 936 | 281 | 110 | 1802 | 0.391459074733 | 0.615384615385 | 0.845528455285
208 | 0 | 240 | db8 | 4 | 0.7 | 8 | 0.95 | 174 | 506 | 870 | 336 | 162 | 1712 | 0.482142857143 | 0.63226744186 | 0.833333333333
208 | 0 | 240 | db8 | 4 | 0.7 | 8 | 0.975 | 156 | 548 | 888 | 276 | 120 | 1712 | 0.434782608696 | 0.618384401114 | 0.850574712644
208 | 0 | 300 | db8 | 4 | 0.7 | 8 | 0.95 | 186 | 458 | 806 | 360 | 174 | 1624 | 0.483333333333 | 0.637658227848 | 0.8125
208 | 0 | 300 | db8 | 4 | 0.7 | 8 | 0.975 | 167 | 507 | 825 | 292 | 125 | 1624 | 0.428082191781 | 0.619369369369 | 0.831653225806
208 | 0 | 120 | db8 | 4 | 0.8 | 10 | 0.95 | 197 | 622 | 957 | 308 | 111 | 1887 | 0.36038961039 | 0.60607979734 | 0.829289428076
208 | 0 | 120 | db8 | 4 | 0.8 | 10 | 0.975 | 166 | 644 | 988 | 255 | 89 | 1887 | 0.349019607843 | 0.605392156863 | 0.856152512998
208 | 0 | 180 | db8 | 4 | 0.8 | 10 | 0.95 | 225 | 556 | 882 | 364 | 139 | 1802 | 0.381868131868 | 0.613351877608 | 0.79674796748
208 | 0 | 180 | db8 | 4 | 0.8 | 10 | 0.975 | 203 | 586 | 904 | 312 | 109 | 1802 | 0.349358974359 | 0.606711409396 | 0.816621499548
208 | 0 | 240 | db8 | 4 | 0.8 | 10 | 0.95 | 204 | 521 | 840 | 351 | 147 | 1712 | 0.418803418803 | 0.617193240265 | 0.804597701149
208 | 0 | 240 | db8 | 4 | 0.8 | 10 | 0.975 | 186 | 550 | 858 | 304 | 118 | 1712 | 0.388157894737 | 0.609375 | 0.82183908046
208 | 0 | 300 | db8 | 4 | 0.8 | 10 | 0.95 | 227 | 437 | 765 | 422 | 195 | 1624 | 0.462085308057 | 0.636439267887 | 0.771169354839
208 | 0 | 300 | db8 | 4 | 0.8 | 10 | 0.975 | 207 | 480 | 785 | 359 | 152 | 1624 | 0.423398328691 | 0.620553359684 | 0.791330645161
208 | 0 | 120 | db8 | 4 | 0.9 | 12 | 0.95 | 223 | 608 | 931 | 348 | 125 | 1887 | 0.359195402299 | 0.604938271605 | 0.806759098787
208 | 0 | 120 | db8 | 4 | 0.9 | 12 | 0.975 | 211 | 623 | 943 | 321 | 110 | 1887 | 0.342679127726 | 0.602171136654 | 0.817157712305
208 | 0 | 180 | db8 | 4 | 0.9 | 12 | 0.95 | 259 | 551 | 848 | 403 | 144 | 1802 | 0.357320099256 | 0.606147248034 | 0.76603432701
208 | 0 | 180 | db8 | 4 | 0.9 | 12 | 0.975 | 239 | 575 | 868 | 359 | 120 | 1802 | 0.33426183844 | 0.601524601525 | 0.784101174345
208 | 0 | 240 | db8 | 4 | 0.9 | 13 | 0.95 | 255 | 514 | 789 | 409 | 154 | 1712 | 0.376528117359 | 0.6055257099 | 0.755747126437
208 | 0 | 240 | db8 | 4 | 0.9 | 13 | 0.975 | 230 | 544 | 814 | 354 | 124 | 1712 | 0.350282485876 | 0.59941089838 | 0.77969348659
208 | 0 | 300 | db8 | 4 | 0.9 | 12 | 0.95 | 255 | 468 | 737 | 419 | 164 | 1624 | 0.391408114558 | 0.611618257261 | 0.742943548387
208 | 0 | 300 | db8 | 4 | 0.9 | 12 | 0.975 | 237 | 500 | 755 | 369 | 132 | 1624 | 0.357723577236 | 0.601593625498 | 0.761088709677
208 | 1 | 120 | db8 | 4 | 0.7 | 7 | 0.95 | 120 | 581 | 1034 | 272 | 152 | 1887 | 0.558823529412 | 0.640247678019 | 0.896013864818
208 | 1 | 120 | db8 | 4 | 0.7 | 7 | 0.975 | 116 | 598 | 1038 | 251 | 135 | 1887 | 0.537848605578 | 0.634474327628 | 0.899480069324
208 | 1 | 180 | db8 | 4 | 0.7 | 7 | 0.95 | 159 | 510 | 948 | 344 | 185 | 1802 | 0.537790697674 | 0.650205761317 | 0.856368563686
208 | 1 | 180 | db8 | 4 | 0.7 | 7 | 0.975 | 141 | 535 | 966 | 301 | 160 | 1802 | 0.531561461794 | 0.643570952698 | 0.872628726287
208 | 1 | 240 | db8 | 4 | 0.7 | 7 | 0.95 | 170 | 477 | 874 | 361 | 191 | 1712 | 0.529085872576 | 0.646928201332 | 0.837164750958
208 | 1 | 240 | db8 | 4 | 0.7 | 7 | 0.975 | 148 | 501 | 896 | 315 | 167 | 1712 | 0.530158730159 | 0.641374373658 | 0.858237547893
208 | 1 | 300 | db8 | 4 | 0.7 | 7 | 0.95 | 182 | 466 | 810 | 348 | 166 | 1624 | 0.477011494253 | 0.634796238245 | 0.816532258065
208 | 1 | 300 | db8 | 4 | 0.7 | 7 | 0.975 | 160 | 491 | 832 | 301 | 141 | 1624 | 0.468438538206 | 0.628873771731 | 0.838709677419
208 | 1 | 120 | db8 | 4 | 0.8 | 10 | 0.95 | 183 | 579 | 971 | 337 | 154 | 1887 | 0.456973293769 | 0.626451612903 | 0.841421143847
208 | 1 | 120 | db8 | 4 | 0.8 | 10 | 0.975 | 162 | 596 | 992 | 299 | 137 | 1887 | 0.458193979933 | 0.624685138539 | 0.859618717504
208 | 1 | 180 | db8 | 4 | 0.8 | 10 | 0.95 | 211 | 508 | 896 | 398 | 187 | 1802 | 0.469849246231 | 0.638176638177 | 0.809394760614
208 | 1 | 180 | db8 | 4 | 0.8 | 10 | 0.975 | 197 | 532 | 910 | 360 | 163 | 1802 | 0.452777777778 | 0.631067961165 | 0.822041553749
208 | 1 | 240 | db8 | 4 | 0.8 | 10 | 0.95 | 210 | 421 | 834 | 457 | 247 | 1712 | 0.540481400438 | 0.664541832669 | 0.798850574713
208 | 1 | 240 | db8 | 4 | 0.8 | 10 | 0.975 | 184 | 465 | 860 | 387 | 203 | 1712 | 0.524547803618 | 0.649056603774 | 0.823754789272
208 | 1 | 300 | db8 | 4 | 0.8 | 9 | 0.95 | 204 | 412 | 788 | 424 | 220 | 1624 | 0.518867924528 | 0.656666666667 | 0.79435483871
208 | 1 | 300 | db8 | 4 | 0.8 | 9 | 0.975 | 189 | 448 | 803 | 373 | 184 | 1624 | 0.493297587131 | 0.641886490807 | 0.809475806452
208 | 1 | 120 | db8 | 4 | 0.9 | 15 | 0.95 | 220 | 549 | 934 | 404 | 184 | 1887 | 0.455445544554 | 0.629804450438 | 0.809358752166
208 | 1 | 120 | db8 | 4 | 0.9 | 15 | 0.975 | 201 | 576 | 953 | 358 | 157 | 1887 | 0.438547486034 | 0.623283191629 | 0.82582322357
208 | 1 | 180 | db8 | 4 | 0.9 | 15 | 0.95 | 255 | 461 | 852 | 489 | 234 | 1802 | 0.478527607362 | 0.648895658797 | 0.769647696477
208 | 1 | 180 | db8 | 4 | 0.9 | 15 | 0.975 | 235 | 497 | 872 | 433 | 198 | 1802 | 0.45727482679 | 0.63696128561 | 0.787714543812
208 | 1 | 240 | db8 | 4 | 0.9 | 15 | 0.95 | 255 | 409 | 789 | 514 | 259 | 1712 | 0.503891050584 | 0.658597662771 | 0.755747126437
208 | 1 | 240 | db8 | 4 | 0.9 | 15 | 0.975 | 241 | 440 | 803 | 469 | 228 | 1712 | 0.486140724947 | 0.646017699115 | 0.769157088123
208 | 1 | 300 | db8 | 4 | 0.9 | 15 | 0.95 | 277 | 357 | 715 | 552 | 275 | 1624 | 0.498188405797 | 0.66697761194 | 0.720766129032
208 | 1 | 300 | db8 | 4 | 0.9 | 15 | 0.975 | 253 | 404 | 739 | 481 | 228 | 1624 | 0.474012474012 | 0.646544181977 | 0.744959677419
210 | 0 | 120 | db8 | 4 | 0.7 | 6 | 0.95 | 193 | 1 | 1603 | 335 | 142 | 1939 | 0.423880597015 | 0.999376558603 | 0.892538975501
210 | 0 | 120 | db8 | 4 | 0.7 | 6 | 0.975 | 140 | 3 | 1656 | 280 | 140 | 1939 | 0.5 | 0.998191681736 | 0.922048997773
210 | 0 | 180 | db8 | 4 | 0.7 | 9 | 0.95 | 126 | 5 | 1593 | 254 | 128 | 1852 | 0.503937007874 | 0.996871088861 | 0.926701570681
210 | 0 | 180 | db8 | 4 | 0.7 | 9 | 0.975 | 102 | 7 | 1617 | 228 | 126 | 1852 | 0.552631578947 | 0.995689655172 | 0.940663176265
210 | 0 | 240 | db8 | 4 | 0.7 | 8 | 0.95 | 27 | 8 | 1608 | 147 | 120 | 1763 | 0.816326530612 | 0.99504950495 | 0.983486238532
210 | 0 | 240 | db8 | 4 | 0.7 | 8 | 0.975 | 20 | 12 | 1615 | 136 | 116 | 1763 | 0.852941176471 | 0.9926244622 | 0.987767584098
210 | 0 | 300 | db8 | 4 | 0.7 | 8 | 0.95 | 24 | 5 | 1529 | 142 | 118 | 1676 | 0.830985915493 | 0.996740547588 | 0.984546039923
210 | 0 | 300 | db8 | 4 | 0.7 | 8 | 0.975 | 20 | 9 | 1533 | 134 | 114 | 1676 | 0.850746268657 | 0.994163424125 | 0.987121699936
210 | 0 | 120 | db8 | 4 | 0.8 | 9 | 0.95 | 232 | 0 | 1564 | 375 | 143 | 1939 | 0.381333333333 | 1.0 | 0.870824053452
210 | 0 | 120 | db8 | 4 | 0.8 | 9 | 0.975 | 174 | 1 | 1622 | 316 | 142 | 1939 | 0.449367088608 | 0.999383857055 | 0.903118040089
210 | 0 | 180 | db8 | 4 | 0.8 | 12 | 0.95 | 132 | 5 | 1587 | 260 | 128 | 1852 | 0.492307692308 | 0.996859296482 | 0.923211169284
210 | 0 | 180 | db8 | 4 | 0.8 | 12 | 0.975 | 109 | 6 | 1610 | 236 | 127 | 1852 | 0.53813559322 | 0.996287128713 | 0.936591041303
210 | 0 | 240 | db8 | 4 | 0.8 | 11 | 0.95 | 26 | 8 | 1609 | 146 | 120 | 1763 | 0.821917808219 | 0.995052566481 | 0.984097859327
210 | 0 | 240 | db8 | 4 | 0.8 | 11 | 0.975 | 17 | 18 | 1618 | 127 | 110 | 1763 | 0.866141732283 | 0.988997555012 | 0.989602446483
210 | 0 | 300 | db8 | 4 | 0.8 | 11 | 0.95 | 26 | 8 | 1527 | 141 | 115 | 1676 | 0.815602836879 | 0.994788273616 | 0.983258209916
210 | 0 | 300 | db8 | 4 | 0.8 | 11 | 0.975 | 20 | 11 | 1533 | 132 | 112 | 1676 | 0.848484848485 | 0.992875647668 | 0.987121699936
210 | 0 | 120 | db8 | 4 | 0.9 | 16 | 0.95 | 188 | 42 | 1608 | 289 | 101 | 1939 | 0.349480968858 | 0.974545454545 | 0.895322939866
210 | 0 | 120 | db8 | 4 | 0.9 | 16 | 0.975 | 154 | 42 | 1642 | 255 | 101 | 1939 | 0.396078431373 | 0.975059382423 | 0.91425389755
210 | 0 | 180 | db8 | 4 | 0.9 | 18 | 0.95 | 169 | 0 | 1550 | 302 | 133 | 1852 | 0.440397350993 | 1.0 | 0.901687027341
210 | 0 | 180 | db8 | 4 | 0.9 | 18 | 0.975 | 144 | 0 | 1575 | 277 | 133 | 1852 | 0.480144404332 | 1.0 | 0.916230366492
210 | 0 | 240 | db8 | 4 | 0.9 | 16 | 0.95 | 29 | 2 | 1606 | 155 | 126 | 1763 | 0.812903225806 | 0.998756218905 | 0.982262996942
210 | 0 | 240 | db8 | 4 | 0.9 | 16 | 0.975 | 26 | 3 | 1609 | 151 | 125 | 1763 | 0.827814569536 | 0.998138957816 | 0.984097859327
210 | 0 | 300 | db8 | 4 | 0.9 | 16 | 0.95 | 24 | 2 | 1529 | 145 | 121 | 1676 | 0.834482758621 | 0.998693664272 | 0.984546039923
210 | 0 | 300 | db8 | 4 | 0.9 | 16 | 0.975 | 21 | 2 | 1532 | 142 | 121 | 1676 | 0.852112676056 | 0.998696219035 | 0.986477784932
210 | 1 | 120 | db8 | 4 | 0.7 | 10 | 0.95 | 180 | 3 | 1616 | 320 | 140 | 1939 | 0.4375 | 0.998147004324 | 0.899777282851
210 | 1 | 120 | db8 | 4 | 0.7 | 10 | 0.975 | 143 | 4 | 1653 | 282 | 139 | 1939 | 0.492907801418 | 0.997585998793 | 0.920378619154
210 | 1 | 180 | db8 | 4 | 0.7 | 9 | 0.95 | 101 | 1 | 1618 | 233 | 132 | 1852 | 0.56652360515 | 0.999382334775 | 0.941244909831
210 | 1 | 180 | db8 | 4 | 0.7 | 9 | 0.975 | 85 | 2 | 1634 | 216 | 131 | 1852 | 0.606481481481 | 0.998777506112 | 0.950552646888
210 | 1 | 240 | db8 | 4 | 0.7 | 7 | 0.95 | 10 | 18 | 1625 | 120 | 110 | 1763 | 0.916666666667 | 0.989044430919 | 0.993883792049
210 | 1 | 240 | db8 | 4 | 0.7 | 7 | 0.975 | 8 | 23 | 1627 | 113 | 105 | 1763 | 0.929203539823 | 0.986060606061 | 0.995107033639
210 | 1 | 300 | db8 | 4 | 0.7 | 7 | 0.95 | 11 | 15 | 1542 | 119 | 108 | 1676 | 0.90756302521 | 0.990366088632 | 0.992916934965
210 | 1 | 300 | db8 | 4 | 0.7 | 7 | 0.975 | 10 | 18 | 1543 | 115 | 105 | 1676 | 0.913043478261 | 0.988468930173 | 0.993560849968
210 | 1 | 120 | db8 | 4 | 0.8 | 14 | 0.95 | 245 | 2 | 1551 | 386 | 141 | 1939 | 0.365284974093 | 0.998712169994 | 0.863585746102
210 | 1 | 120 | db8 | 4 | 0.8 | 14 | 0.975 | 189 | 2 | 1607 | 330 | 141 | 1939 | 0.427272727273 | 0.99875699192 | 0.894766146993
210 | 1 | 180 | db8 | 4 | 0.8 | 12 | 0.95 | 159 | 1 | 1560 | 291 | 132 | 1852 | 0.453608247423 | 0.99935938501 | 0.907504363002
210 | 1 | 180 | db8 | 4 | 0.8 | 12 | 0.975 | 134 | 2 | 1585 | 265 | 131 | 1852 | 0.494339622642 | 0.998739760555 | 0.922047702152
210 | 1 | 240 | db8 | 4 | 0.8 | 10 | 0.95 | 14 | 10 | 1621 | 132 | 118 | 1763 | 0.893939393939 | 0.993868792152 | 0.991437308869
210 | 1 | 240 | db8 | 4 | 0.8 | 10 | 0.975 | 12 | 19 | 1623 | 121 | 109 | 1763 | 0.900826446281 | 0.988428745432 | 0.992660550459
210 | 1 | 300 | db8 | 4 | 0.8 | 10 | 0.95 | 14 | 6 | 1539 | 131 | 117 | 1676 | 0.893129770992 | 0.996116504854 | 0.990985189955
210 | 1 | 300 | db8 | 4 | 0.8 | 10 | 0.975 | 12 | 11 | 1541 | 124 | 112 | 1676 | 0.903225806452 | 0.992912371134 | 0.992273019961
210 | 1 | 120 | db8 | 4 | 0.9 | 19 | 0.95 | 95 | 45 | 1701 | 193 | 98 | 1939 | 0.507772020725 | 0.974226804124 | 0.94710467706
210 | 1 | 120 | db8 | 4 | 0.9 | 19 | 0.975 | 78 | 47 | 1718 | 174 | 96 | 1939 | 0.551724137931 | 0.973371104816 | 0.956570155902
210 | 1 | 180 | db8 | 4 | 0.9 | 15 | 0.95 | 415 | 0 | 1304 | 548 | 133 | 1852 | 0.242700729927 | 1.0 | 0.758580570099
210 | 1 | 180 | db8 | 4 | 0.9 | 15 | 0.975 | 366 | 1 | 1353 | 498 | 132 | 1852 | 0.265060240964 | 0.999261447563 | 0.787085514834
210 | 1 | 240 | db8 | 4 | 0.9 | 16 | 0.95 | 22 | 11 | 1613 | 139 | 117 | 1763 | 0.841726618705 | 0.993226600985 | 0.986544342508
210 | 1 | 240 | db8 | 4 | 0.9 | 16 | 0.975 | 20 | 18 | 1615 | 130 | 110 | 1763 | 0.846153846154 | 0.988977342315 | 0.987767584098
210 | 1 | 300 | db8 | 4 | 0.9 | 16 | 0.95 | 24 | 10 | 1529 | 137 | 113 | 1676 | 0.824817518248 | 0.993502274204 | 0.984546039923
210 | 1 | 300 | db8 | 4 | 0.9 | 16 | 0.975 | 21 | 13 | 1532 | 131 | 110 | 1676 | 0.839694656489 | 0.991585760518 | 0.986477784932
213 | 0 | 180 | db8 | 4 | 0.7 | 9 | 0.95 | 477 | 0 | 1354 | 648 | 171 | 2002 | 0.263888888889 | 1.0 | 0.739486619334
213 | 0 | 180 | db8 | 4 | 0.7 | 9 | 0.975 | 366 | 0 | 1465 | 537 | 171 | 2002 | 0.31843575419 | 1.0 | 0.800109229929
213 | 0 | 240 | db8 | 4 | 0.7 | 8 | 0.95 | 252 | 0 | 1515 | 417 | 165 | 1932 | 0.395683453237 | 1.0 | 0.857385398981
213 | 0 | 240 | db8 | 4 | 0.7 | 8 | 0.975 | 186 | 1 | 1581 | 350 | 164 | 1932 | 0.468571428571 | 0.999367888748 | 0.894736842105
213 | 0 | 300 | db8 | 4 | 0.7 | 9 | 0.95 | 199 | 0 | 1481 | 354 | 155 | 1835 | 0.437853107345 | 1.0 | 0.881547619048
213 | 0 | 300 | db8 | 4 | 0.7 | 9 | 0.975 | 138 | 0 | 1542 | 293 | 155 | 1835 | 0.529010238908 | 1.0 | 0.917857142857
213 | 0 | 180 | db8 | 4 | 0.8 | 13 | 0.95 | 751 | 0 | 1080 | 922 | 171 | 2002 | 0.18546637744 | 1.0 | 0.589841616603
213 | 0 | 180 | db8 | 4 | 0.8 | 13 | 0.975 | 632 | 0 | 1199 | 803 | 171 | 2002 | 0.21295143213 | 1.0 | 0.654833424358
213 | 0 | 240 | db8 | 4 | 0.8 | 12 | 0.95 | 461 | 0 | 1306 | 626 | 165 | 1932 | 0.26357827476 | 1.0 | 0.739105829089
213 | 0 | 240 | db8 | 4 | 0.8 | 12 | 0.975 | 373 | 0 | 1394 | 538 | 165 | 1932 | 0.306691449814 | 1.0 | 0.788907753254
213 | 0 | 300 | db8 | 4 | 0.8 | 13 | 0.95 | 256 | 0 | 1424 | 411 | 155 | 1835 | 0.377128953771 | 1.0 | 0.847619047619
213 | 0 | 300 | db8 | 4 | 0.8 | 13 | 0.975 | 179 | 0 | 1501 | 334 | 155 | 1835 | 0.464071856287 | 1.0 | 0.893452380952
213 | 0 | 180 | db8 | 4 | 0.9 | 21 | 0.95 | 920 | 0 | 911 | 1091 | 171 | 2002 | 0.156736938588 | 1.0 | 0.497542326597
213 | 0 | 180 | db8 | 4 | 0.9 | 21 | 0.975 | 802 | 0 | 1029 | 973 | 171 | 2002 | 0.175745118191 | 1.0 | 0.561987984708
213 | 0 | 240 | db8 | 4 | 0.9 | 19 | 0.95 | 625 | 0 | 1142 | 790 | 165 | 1932 | 0.208860759494 | 1.0 | 0.646293152235
213 | 0 | 240 | db8 | 4 | 0.9 | 19 | 0.975 | 510 | 0 | 1257 | 675 | 165 | 1932 | 0.244444444444 | 1.0 | 0.711375212224
213 | 0 | 300 | db8 | 4 | 0.9 | 21 | 0.95 | 447 | 0 | 1233 | 602 | 155 | 1835 | 0.257475083056 | 1.0 | 0.733928571429
213 | 0 | 300 | db8 | 4 | 0.9 | 21 | 0.975 | 377 | 0 | 1303 | 532 | 155 | 1835 | 0.291353383459 | 1.0 | 0.775595238095
213 | 1 | 180 | db8 | 4 | 0.7 | 6 | 0.95 | 299 | 0 | 1532 | 470 | 171 | 2002 | 0.363829787234 | 1.0 | 0.836701256144
213 | 1 | 180 | db8 | 4 | 0.7 | 6 | 0.975 | 217 | 0 | 1614 | 388 | 171 | 2002 | 0.440721649485 | 1.0 | 0.881485527034
213 | 1 | 240 | db8 | 4 | 0.7 | 6 | 0.95 | 247 | 0 | 1520 | 412 | 165 | 1932 | 0.400485436893 | 1.0 | 0.860215053763
213 | 1 | 240 | db8 | 4 | 0.7 | 6 | 0.975 | 178 | 0 | 1589 | 343 | 165 | 1932 | 0.481049562682 | 1.0 | 0.899264289757
213 | 1 | 300 | db8 | 4 | 0.7 | 6 | 0.95 | 177 | 0 | 1503 | 332 | 155 | 1835 | 0.46686746988 | 1.0 | 0.894642857143
213 | 1 | 300 | db8 | 4 | 0.7 | 6 | 0.975 | 127 | 0 | 1553 | 282 | 155 | 1835 | 0.549645390071 | 1.0 | 0.924404761905
213 | 1 | 180 | db8 | 4 | 0.8 | 9 | 0.95 | 282 | 0 | 1549 | 453 | 171 | 2002 | 0.377483443709 | 1.0 | 0.845985800109
213 | 1 | 180 | db8 | 4 | 0.8 | 9 | 0.975 | 206 | 0 | 1625 | 377 | 171 | 2002 | 0.453580901857 | 1.0 | 0.887493173129
213 | 1 | 240 | db8 | 4 | 0.8 | 8 | 0.95 | 200 | 0 | 1567 | 365 | 165 | 1932 | 0.452054794521 | 1.0 | 0.886813808715
213 | 1 | 240 | db8 | 4 | 0.8 | 8 | 0.975 | 146 | 0 | 1621 | 311 | 165 | 1932 | 0.530546623794 | 1.0 | 0.917374080362
213 | 1 | 300 | db8 | 4 | 0.8 | 8 | 0.95 | 152 | 0 | 1528 | 307 | 155 | 1835 | 0.504885993485 | 1.0 | 0.909523809524
213 | 1 | 300 | db8 | 4 | 0.8 | 8 | 0.975 | 116 | 0 | 1564 | 271 | 155 | 1835 | 0.571955719557 | 1.0 | 0.930952380952
213 | 1 | 180 | db8 | 4 | 0.9 | 16 | 0.95 | 352 | 0 | 1479 | 523 | 171 | 2002 | 0.326959847036 | 1.0 | 0.807755324959
213 | 1 | 180 | db8 | 4 | 0.9 | 16 | 0.975 | 269 | 0 | 1562 | 440 | 171 | 2002 | 0.388636363636 | 1.0 | 0.853085745494
213 | 1 | 240 | db8 | 4 | 0.9 | 15 | 0.95 | 211 | 0 | 1556 | 376 | 165 | 1932 | 0.438829787234 | 1.0 | 0.880588568195
213 | 1 | 240 | db8 | 4 | 0.9 | 15 | 0.975 | 157 | 0 | 1610 | 322 | 165 | 1932 | 0.512422360248 | 1.0 | 0.911148839842
213 | 1 | 300 | db8 | 4 | 0.9 | 13 | 0.95 | 152 | 0 | 1528 | 307 | 155 | 1835 | 0.504885993485 | 1.0 | 0.909523809524
213 | 1 | 300 | db8 | 4 | 0.9 | 13 | 0.975 | 124 | 0 | 1556 | 279 | 155 | 1835 | 0.555555555556 | 1.0 | 0.92619047619
215 | 0 | 120 | db8 | 4 | 0.7 | 8 | 0.95 | 203 | 1 | 2175 | 312 | 109 | 2488 | 0.349358974359 | 0.999540441176 | 0.914634146341
215 | 0 | 120 | db8 | 4 | 0.7 | 8 | 0.975 | 153 | 1 | 2225 | 262 | 109 | 2488 | 0.416030534351 | 0.999550763702 | 0.935660218671
215 | 0 | 180 | db8 | 4 | 0.7 | 8 | 0.95 | 152 | 2 | 2121 | 250 | 98 | 2373 | 0.392 | 0.999057936882 | 0.933128024637
215 | 0 | 180 | db8 | 4 | 0.7 | 8 | 0.975 | 118 | 3 | 2155 | 215 | 97 | 2373 | 0.451162790698 | 0.998609823911 | 0.948086229652
215 | 0 | 240 | db8 | 4 | 0.7 | 7 | 0.95 | 13 | 3 | 2152 | 104 | 91 | 2259 | 0.875 | 0.998607888631 | 0.993995381062
215 | 0 | 240 | db8 | 4 | 0.7 | 7 | 0.975 | 8 | 3 | 2157 | 99 | 91 | 2259 | 0.919191919192 | 0.998611111111 | 0.996304849885
215 | 0 | 300 | db8 | 4 | 0.7 | 7 | 0.95 | 4 | 3 | 2050 | 94 | 90 | 2147 | 0.957446808511 | 0.998538723819 | 0.998052580331
215 | 0 | 300 | db8 | 4 | 0.7 | 7 | 0.975 | 2 | 3 | 2052 | 92 | 90 | 2147 | 0.978260869565 | 0.998540145985 | 0.999026290166
215 | 0 | 120 | db8 | 4 | 0.8 | 11 | 0.95 | 323 | 1 | 2055 | 432 | 109 | 2488 | 0.252314814815 | 0.999513618677 | 0.86417157275
215 | 0 | 120 | db8 | 4 | 0.8 | 11 | 0.975 | 266 | 1 | 2112 | 375 | 109 | 2488 | 0.290666666667 | 0.999526739233 | 0.888141295206
215 | 0 | 180 | db8 | 4 | 0.8 | 11 | 0.95 | 302 | 1 | 1971 | 401 | 99 | 2373 | 0.246882793017 | 0.999492900609 | 0.867135943687
215 | 0 | 180 | db8 | 4 | 0.8 | 11 | 0.975 | 252 | 2 | 2021 | 350 | 98 | 2373 | 0.28 | 0.999011369254 | 0.889133304004
215 | 0 | 240 | db8 | 4 | 0.8 | 10 | 0.95 | 51 | 4 | 2114 | 141 | 90 | 2259 | 0.63829787234 | 0.998111425873 | 0.976443418014
215 | 0 | 240 | db8 | 4 | 0.8 | 10 | 0.975 | 31 | 4 | 2134 | 121 | 90 | 2259 | 0.743801652893 | 0.99812909261 | 0.985681293303
215 | 0 | 300 | db8 | 4 | 0.8 | 10 | 0.95 | 16 | 4 | 2038 | 105 | 89 | 2147 | 0.847619047619 | 0.998041136141 | 0.992210321324
215 | 0 | 300 | db8 | 4 | 0.8 | 10 | 0.975 | 10 | 4 | 2044 | 99 | 89 | 2147 | 0.89898989899 | 0.998046875 | 0.995131450828
215 | 0 | 120 | db8 | 4 | 0.9 | 17 | 0.95 | 401 | 0 | 1977 | 511 | 110 | 2488 | 0.215264187867 | 1.0 | 0.831370899916
215 | 0 | 120 | db8 | 4 | 0.9 | 17 | 0.975 | 344 | 0 | 2034 | 454 | 110 | 2488 | 0.242290748899 | 1.0 | 0.855340622372
215 | 0 | 180 | db8 | 4 | 0.9 | 18 | 0.95 | 414 | 0 | 1859 | 514 | 100 | 2373 | 0.194552529183 | 1.0 | 0.817861856577
215 | 0 | 180 | db8 | 4 | 0.9 | 18 | 0.975 | 362 | 0 | 1911 | 462 | 100 | 2373 | 0.21645021645 | 1.0 | 0.840739111307
215 | 0 | 240 | db8 | 4 | 0.9 | 15 | 0.95 | 86 | 0 | 2079 | 180 | 94 | 2259 | 0.522222222222 | 1.0 | 0.960277136259
215 | 0 | 240 | db8 | 4 | 0.9 | 15 | 0.975 | 63 | 0 | 2102 | 157 | 94 | 2259 | 0.59872611465 | 1.0 | 0.970900692841
215 | 0 | 300 | db8 | 4 | 0.9 | 15 | 0.95 | 28 | 0 | 2026 | 121 | 93 | 2147 | 0.768595041322 | 1.0 | 0.986368062317
215 | 0 | 300 | db8 | 4 | 0.9 | 15 | 0.975 | 20 | 0 | 2034 | 113 | 93 | 2147 | 0.823008849558 | 1.0 | 0.990262901655
215 | 1 | 120 | db8 | 4 | 0.7 | 9 | 0.95 | 127 | 8 | 2251 | 229 | 102 | 2488 | 0.445414847162 | 0.996458610004 | 0.946593776283
215 | 1 | 120 | db8 | 4 | 0.7 | 9 | 0.975 | 111 | 12 | 2267 | 209 | 98 | 2488 | 0.468899521531 | 0.99473453269 | 0.953322119428
215 | 1 | 180 | db8 | 4 | 0.7 | 9 | 0.95 | 148 | 8 | 2125 | 240 | 92 | 2373 | 0.383333333333 | 0.996249413971 | 0.934887813462
215 | 1 | 180 | db8 | 4 | 0.7 | 9 | 0.975 | 119 | 17 | 2154 | 202 | 83 | 2373 | 0.410891089109 | 0.99216950714 | 0.947646282446
215 | 1 | 240 | db8 | 4 | 0.7 | 11 | 0.95 | 58 | 12 | 2107 | 140 | 82 | 2259 | 0.585714285714 | 0.994336951392 | 0.973210161663
215 | 1 | 240 | db8 | 4 | 0.7 | 11 | 0.975 | 45 | 19 | 2120 | 120 | 75 | 2259 | 0.625 | 0.991117344554 | 0.9792147806
215 | 1 | 300 | db8 | 4 | 0.7 | 11 | 0.95 | 44 | 7 | 2010 | 130 | 86 | 2147 | 0.661538461538 | 0.996529499256 | 0.978578383642
215 | 1 | 300 | db8 | 4 | 0.7 | 11 | 0.975 | 36 | 10 | 2018 | 119 | 83 | 2147 | 0.697478991597 | 0.995069033531 | 0.98247322298
215 | 1 | 120 | db8 | 4 | 0.8 | 12 | 0.95 | 170 | 12 | 2208 | 268 | 98 | 2488 | 0.365671641791 | 0.994594594595 | 0.928511354079
215 | 1 | 120 | db8 | 4 | 0.8 | 12 | 0.975 | 143 | 14 | 2235 | 239 | 96 | 2488 | 0.401673640167 | 0.993775011116 | 0.939865433137
215 | 1 | 180 | db8 | 4 | 0.8 | 12 | 0.95 | 163 | 2 | 2110 | 261 | 98 | 2373 | 0.375478927203 | 0.999053030303 | 0.928288605367
215 | 1 | 180 | db8 | 4 | 0.8 | 12 | 0.975 | 141 | 3 | 2132 | 238 | 97 | 2373 | 0.40756302521 | 0.998594847775 | 0.937967443907
215 | 1 | 240 | db8 | 4 | 0.8 | 15 | 0.95 | 63 | 9 | 2102 | 148 | 85 | 2259 | 0.574324324324 | 0.995736617717 | 0.970900692841
215 | 1 | 240 | db8 | 4 | 0.8 | 15 | 0.975 | 53 | 10 | 2112 | 137 | 84 | 2259 | 0.613138686131 | 0.995287464656 | 0.975519630485
215 | 1 | 300 | db8 | 4 | 0.8 | 14 | 0.95 | 55 | 8 | 1999 | 140 | 85 | 2147 | 0.607142857143 | 0.996013951171 | 0.973222979552
215 | 1 | 300 | db8 | 4 | 0.8 | 14 | 0.975 | 44 | 9 | 2010 | 128 | 84 | 2147 | 0.65625 | 0.995542347697 | 0.978578383642
215 | 1 | 120 | db8 | 4 | 0.9 | 20 | 0.95 | 243 | 0 | 2135 | 353 | 110 | 2488 | 0.311614730878 | 1.0 | 0.897813288478
215 | 1 | 120 | db8 | 4 | 0.9 | 20 | 0.975 | 222 | 1 | 2156 | 331 | 109 | 2488 | 0.329305135952 | 0.999536393139 | 0.906644238856
215 | 1 | 180 | db8 | 4 | 0.9 | 20 | 0.95 | 243 | 4 | 2030 | 339 | 96 | 2373 | 0.283185840708 | 0.998033431662 | 0.893092828861
215 | 1 | 180 | db8 | 4 | 0.9 | 20 | 0.975 | 217 | 5 | 2056 | 312 | 95 | 2373 | 0.304487179487 | 0.997573993207 | 0.904531456225
215 | 1 | 240 | db8 | 4 | 0.9 | 23 | 0.95 | 85 | 2 | 2080 | 177 | 92 | 2259 | 0.519774011299 | 0.999039385207 | 0.960739030023
215 | 1 | 240 | db8 | 4 | 0.9 | 23 | 0.975 | 75 | 2 | 2090 | 167 | 92 | 2259 | 0.550898203593 | 0.999043977055 | 0.965357967667
215 | 1 | 300 | db8 | 4 | 0.9 | 21 | 0.95 | 61 | 1 | 1993 | 153 | 92 | 2147 | 0.601307189542 | 0.999498495486 | 0.970301850049
215 | 1 | 300 | db8 | 4 | 0.9 | 21 | 0.975 | 53 | 1 | 2001 | 145 | 92 | 2147 | 0.634482758621 | 0.9995004995 | 0.974196689387
219 | 0 | 120 | db8 | 4 | 0.7 | 6 | 0.95 | 758 | 2 | 758 | 798 | 40 | 1558 | 0.0501253132832 | 0.997368421053 | 0.5
219 | 0 | 120 | db8 | 4 | 0.7 | 6 | 0.975 | 699 | 2 | 817 | 739 | 40 | 1558 | 0.0541271989175 | 0.997557997558 | 0.538918205805
219 | 0 | 180 | db8 | 4 | 0.7 | 6 | 0.95 | 804 | 2 | 638 | 843 | 39 | 1483 | 0.0462633451957 | 0.996875 | 0.442441054092
219 | 0 | 180 | db8 | 4 | 0.7 | 6 | 0.975 | 747 | 2 | 695 | 786 | 39 | 1483 | 0.0496183206107 | 0.997130559541 | 0.481969486824
219 | 0 | 240 | db8 | 4 | 0.7 | 6 | 0.95 | 730 | 2 | 638 | 767 | 37 | 1407 | 0.0482398956975 | 0.996875 | 0.466374269006
219 | 0 | 240 | db8 | 4 | 0.7 | 6 | 0.975 | 675 | 3 | 693 | 711 | 36 | 1407 | 0.0506329113924 | 0.995689655172 | 0.506578947368
219 | 0 | 300 | db8 | 4 | 0.7 | 6 | 0.95 | 599 | 3 | 693 | 634 | 35 | 1330 | 0.0552050473186 | 0.995689655172 | 0.536377708978
219 | 0 | 300 | db8 | 4 | 0.7 | 6 | 0.975 | 526 | 3 | 766 | 561 | 35 | 1330 | 0.0623885918004 | 0.996098829649 | 0.592879256966
219 | 0 | 120 | db8 | 4 | 0.8 | 9 | 0.95 | 809 | 0 | 707 | 851 | 42 | 1558 | 0.0493537015276 | 1.0 | 0.46635883905
219 | 0 | 120 | db8 | 4 | 0.8 | 9 | 0.975 | 741 | 0 | 775 | 783 | 42 | 1558 | 0.0536398467433 | 1.0 | 0.511213720317
219 | 0 | 180 | db8 | 4 | 0.8 | 9 | 0.95 | 838 | 0 | 604 | 879 | 41 | 1483 | 0.0466439135381 | 1.0 | 0.418862690707
219 | 0 | 180 | db8 | 4 | 0.8 | 9 | 0.975 | 765 | 0 | 677 | 806 | 41 | 1483 | 0.0508684863524 | 1.0 | 0.469486823856
219 | 0 | 240 | db8 | 4 | 0.8 | 9 | 0.95 | 737 | 0 | 631 | 776 | 39 | 1407 | 0.0502577319588 | 1.0 | 0.461257309942
219 | 0 | 240 | db8 | 4 | 0.8 | 9 | 0.975 | 661 | 0 | 707 | 700 | 39 | 1407 | 0.0557142857143 | 1.0 | 0.516812865497
219 | 0 | 300 | db8 | 4 | 0.8 | 9 | 0.95 | 589 | 0 | 703 | 627 | 38 | 1330 | 0.0606060606061 | 1.0 | 0.544117647059
219 | 0 | 300 | db8 | 4 | 0.8 | 9 | 0.975 | 519 | 0 | 773 | 557 | 38 | 1330 | 0.0682226211849 | 1.0 | 0.598297213622
219 | 0 | 120 | db8 | 4 | 0.9 | 13 | 0.95 | 874 | 0 | 642 | 916 | 42 | 1558 | 0.0458515283843 | 1.0 | 0.423482849604
219 | 0 | 120 | db8 | 4 | 0.9 | 13 | 0.975 | 818 | 1 | 698 | 859 | 41 | 1558 | 0.0477299185099 | 0.998569384835 | 0.460422163588
219 | 0 | 180 | db8 | 4 | 0.9 | 13 | 0.95 | 915 | 0 | 527 | 956 | 41 | 1483 | 0.0428870292887 | 1.0 | 0.365464632455
219 | 0 | 180 | db8 | 4 | 0.9 | 13 | 0.975 | 854 | 0 | 588 | 895 | 41 | 1483 | 0.0458100558659 | 1.0 | 0.407766990291
219 | 0 | 240 | db8 | 4 | 0.9 | 14 | 0.95 | 820 | 0 | 548 | 859 | 39 | 1407 | 0.0454016298021 | 1.0 | 0.400584795322
219 | 0 | 240 | db8 | 4 | 0.9 | 14 | 0.975 | 752 | 0 | 616 | 791 | 39 | 1407 | 0.0493046776233 | 1.0 | 0.450292397661
219 | 0 | 300 | db8 | 4 | 0.9 | 15 | 0.95 | 672 | 0 | 620 | 710 | 38 | 1330 | 0.0535211267606 | 1.0 | 0.479876160991
219 | 0 | 300 | db8 | 4 | 0.9 | 15 | 0.975 | 594 | 0 | 698 | 632 | 38 | 1330 | 0.0601265822785 | 1.0 | 0.540247678019
219 | 1 | 120 | db8 | 4 | 0.7 | 11 | 0.95 | 470 | 0 | 1046 | 512 | 42 | 1558 | 0.08203125 | 1.0 | 0.689973614776
219 | 1 | 120 | db8 | 4 | 0.7 | 11 | 0.975 | 408 | 0 | 1108 | 450 | 42 | 1558 | 0.0933333333333 | 1.0 | 0.730870712401
219 | 1 | 180 | db8 | 4 | 0.7 | 12 | 0.95 | 424 | 0 | 1018 | 465 | 41 | 1483 | 0.0881720430108 | 1.0 | 0.705963938974
219 | 1 | 180 | db8 | 4 | 0.7 | 12 | 0.975 | 341 | 0 | 1101 | 382 | 41 | 1483 | 0.107329842932 | 1.0 | 0.763522884882
219 | 1 | 240 | db8 | 4 | 0.7 | 12 | 0.95 | 266 | 0 | 1102 | 305 | 39 | 1407 | 0.127868852459 | 1.0 | 0.805555555556
219 | 1 | 240 | db8 | 4 | 0.7 | 12 | 0.975 | 202 | 0 | 1166 | 241 | 39 | 1407 | 0.161825726141 | 1.0 | 0.852339181287
219 | 1 | 300 | db8 | 4 | 0.7 | 12 | 0.95 | 544 | 0 | 748 | 582 | 38 | 1330 | 0.0652920962199 | 1.0 | 0.578947368421
219 | 1 | 300 | db8 | 4 | 0.7 | 12 | 0.975 | 501 | 0 | 791 | 539 | 38 | 1330 | 0.0705009276438 | 1.0 | 0.612229102167
219 | 1 | 120 | db8 | 4 | 0.8 | 16 | 0.95 | 648 | 0 | 868 | 690 | 42 | 1558 | 0.0608695652174 | 1.0 | 0.572559366755
219 | 1 | 120 | db8 | 4 | 0.8 | 16 | 0.975 | 566 | 0 | 950 | 608 | 42 | 1558 | 0.0690789473684 | 1.0 | 0.626649076517
219 | 1 | 180 | db8 | 4 | 0.8 | 16 | 0.95 | 507 | 0 | 935 | 548 | 41 | 1483 | 0.0748175182482 | 1.0 | 0.648404993065
219 | 1 | 180 | db8 | 4 | 0.8 | 16 | 0.975 | 431 | 0 | 1011 | 472 | 41 | 1483 | 0.0868644067797 | 1.0 | 0.701109570042
219 | 1 | 240 | db8 | 4 | 0.8 | 16 | 0.95 | 201 | 2 | 1167 | 238 | 37 | 1407 | 0.155462184874 | 0.998289136014 | 0.853070175439
219 | 1 | 240 | db8 | 4 | 0.8 | 16 | 0.975 | 165 | 2 | 1203 | 202 | 37 | 1407 | 0.183168316832 | 0.998340248963 | 0.879385964912
219 | 1 | 300 | db8 | 4 | 0.8 | 15 | 0.95 | 100 | 4 | 1192 | 134 | 34 | 1330 | 0.253731343284 | 0.996655518395 | 0.922600619195
219 | 1 | 300 | db8 | 4 | 0.8 | 15 | 0.975 | 73 | 4 | 1219 | 107 | 34 | 1330 | 0.317757009346 | 0.996729354047 | 0.943498452012
219 | 1 | 120 | db8 | 4 | 0.9 | 22 | 0.95 | 540 | 0 | 976 | 582 | 42 | 1558 | 0.0721649484536 | 1.0 | 0.643799472296
219 | 1 | 120 | db8 | 4 | 0.9 | 22 | 0.975 | 475 | 1 | 1041 | 516 | 41 | 1558 | 0.0794573643411 | 0.999040307102 | 0.686675461741
219 | 1 | 180 | db8 | 4 | 0.9 | 22 | 0.95 | 452 | 0 | 990 | 493 | 41 | 1483 | 0.0831643002028 | 1.0 | 0.686546463245
219 | 1 | 180 | db8 | 4 | 0.9 | 22 | 0.975 | 384 | 0 | 1058 | 425 | 41 | 1483 | 0.0964705882353 | 1.0 | 0.733703190014
219 | 1 | 240 | db8 | 4 | 0.9 | 21 | 0.95 | 275 | 0 | 1093 | 314 | 39 | 1407 | 0.124203821656 | 1.0 | 0.798976608187
219 | 1 | 240 | db8 | 4 | 0.9 | 21 | 0.975 | 225 | 0 | 1143 | 264 | 39 | 1407 | 0.147727272727 | 1.0 | 0.835526315789
219 | 1 | 300 | db8 | 4 | 0.9 | 21 | 0.95 | 178 | 0 | 1114 | 216 | 38 | 1330 | 0.175925925926 | 1.0 | 0.862229102167
219 | 1 | 300 | db8 | 4 | 0.9 | 21 | 0.975 | 141 | 0 | 1151 | 179 | 38 | 1330 | 0.212290502793 | 1.0 | 0.890866873065
221 | 0 | 120 | db8 | 4 | 0.7 | 8 | 0.95 | 211 | 49 | 1270 | 503 | 292 | 1822 | 0.580516898608 | 0.962850644428 | 0.857528696826
221 | 0 | 120 | db8 | 4 | 0.7 | 8 | 0.975 | 144 | 80 | 1337 | 405 | 261 | 1822 | 0.644444444444 | 0.943542695836 | 0.90276839973
221 | 0 | 180 | db8 | 4 | 0.7 | 8 | 0.95 | 120 | 109 | 1295 | 335 | 215 | 1739 | 0.641791044776 | 0.922364672365 | 0.91519434629
221 | 0 | 180 | db8 | 4 | 0.7 | 8 | 0.975 | 82 | 145 | 1333 | 261 | 179 | 1739 | 0.685823754789 | 0.901894451962 | 0.942049469965
221 | 0 | 240 | db8 | 4 | 0.7 | 9 | 0.95 | 115 | 112 | 1237 | 310 | 195 | 1659 | 0.629032258065 | 0.916975537435 | 0.914940828402
221 | 0 | 240 | db8 | 4 | 0.7 | 9 | 0.975 | 77 | 148 | 1275 | 236 | 159 | 1659 | 0.673728813559 | 0.895994378074 | 0.943047337278
221 | 0 | 300 | db8 | 4 | 0.7 | 9 | 0.95 | 141 | 128 | 1144 | 301 | 160 | 1573 | 0.531561461794 | 0.899371069182 | 0.890272373541
221 | 0 | 300 | db8 | 4 | 0.7 | 9 | 0.975 | 94 | 157 | 1191 | 225 | 131 | 1573 | 0.582222222222 | 0.88353115727 | 0.926848249027
221 | 0 | 120 | db8 | 4 | 0.8 | 10 | 0.95 | 275 | 52 | 1206 | 564 | 289 | 1822 | 0.512411347518 | 0.9586645469 | 0.814314652262
221 | 0 | 120 | db8 | 4 | 0.8 | 10 | 0.975 | 200 | 75 | 1281 | 466 | 266 | 1822 | 0.570815450644 | 0.944690265487 | 0.864956110736
221 | 0 | 180 | db8 | 4 | 0.8 | 11 | 0.95 | 136 | 83 | 1279 | 377 | 241 | 1739 | 0.63925729443 | 0.93906020558 | 0.903886925795
221 | 0 | 180 | db8 | 4 | 0.8 | 11 | 0.975 | 81 | 113 | 1334 | 292 | 211 | 1739 | 0.722602739726 | 0.92190739461 | 0.942756183746
221 | 0 | 240 | db8 | 4 | 0.8 | 11 | 0.95 | 134 | 114 | 1218 | 327 | 193 | 1659 | 0.590214067278 | 0.914414414414 | 0.900887573964
221 | 0 | 240 | db8 | 4 | 0.8 | 11 | 0.975 | 93 | 144 | 1259 | 256 | 163 | 1659 | 0.63671875 | 0.897362794013 | 0.931213017751
221 | 0 | 300 | db8 | 4 | 0.8 | 11 | 0.95 | 110 | 72 | 1175 | 326 | 216 | 1573 | 0.662576687117 | 0.942261427426 | 0.91439688716
221 | 0 | 300 | db8 | 4 | 0.8 | 11 | 0.975 | 81 | 104 | 1204 | 265 | 184 | 1573 | 0.694339622642 | 0.920489296636 | 0.936964980545
221 | 0 | 120 | db8 | 4 | 0.9 | 14 | 0.95 | 231 | 31 | 1250 | 541 | 310 | 1822 | 0.573012939002 | 0.975800156128 | 0.8440243079
221 | 0 | 120 | db8 | 4 | 0.9 | 14 | 0.975 | 173 | 46 | 1308 | 468 | 295 | 1822 | 0.630341880342 | 0.966026587888 | 0.883187035787
221 | 0 | 180 | db8 | 4 | 0.9 | 15 | 0.95 | 133 | 40 | 1282 | 417 | 284 | 1739 | 0.681055155875 | 0.969742813918 | 0.906007067138
221 | 0 | 180 | db8 | 4 | 0.9 | 15 | 0.975 | 96 | 53 | 1319 | 367 | 271 | 1739 | 0.738419618529 | 0.961370262391 | 0.932155477032
221 | 0 | 240 | db8 | 4 | 0.9 | 15 | 0.95 | 119 | 46 | 1233 | 380 | 261 | 1659 | 0.686842105263 | 0.964034401876 | 0.911982248521
221 | 0 | 240 | db8 | 4 | 0.9 | 15 | 0.975 | 88 | 60 | 1264 | 335 | 247 | 1659 | 0.737313432836 | 0.954682779456 | 0.934911242604
221 | 0 | 300 | db8 | 4 | 0.9 | 16 | 0.95 | 102 | 52 | 1183 | 338 | 236 | 1573 | 0.698224852071 | 0.957894736842 | 0.920622568093
221 | 0 | 300 | db8 | 4 | 0.9 | 16 | 0.975 | 82 | 73 | 1203 | 297 | 215 | 1573 | 0.723905723906 | 0.942789968652 | 0.936186770428
221 | 1 | 120 | db8 | 4 | 0.7 | 6 | 0.95 | 283 | 14 | 1198 | 610 | 327 | 1822 | 0.53606557377 | 0.988448844884 | 0.808912896691
221 | 1 | 120 | db8 | 4 | 0.7 | 6 | 0.975 | 222 | 28 | 1259 | 535 | 313 | 1822 | 0.585046728972 | 0.978243978244 | 0.850101282917
221 | 1 | 180 | db8 | 4 | 0.7 | 9 | 0.95 | 357 | 14 | 1058 | 667 | 310 | 1739 | 0.464767616192 | 0.986940298507 | 0.747703180212
221 | 1 | 180 | db8 | 4 | 0.7 | 9 | 0.975 | 288 | 25 | 1127 | 587 | 299 | 1739 | 0.50936967632 | 0.978298611111 | 0.796466431095
221 | 1 | 240 | db8 | 4 | 0.7 | 9 | 0.95 | 351 | 17 | 1001 | 641 | 290 | 1659 | 0.452418096724 | 0.983300589391 | 0.740384615385
221 | 1 | 240 | db8 | 4 | 0.7 | 9 | 0.975 | 261 | 31 | 1091 | 537 | 276 | 1659 | 0.513966480447 | 0.972370766488 | 0.806952662722
221 | 1 | 300 | db8 | 4 | 0.7 | 8 | 0.95 | 270 | 15 | 1015 | 543 | 273 | 1573 | 0.502762430939 | 0.985436893204 | 0.789883268482
221 | 1 | 300 | db8 | 4 | 0.7 | 8 | 0.975 | 206 | 31 | 1079 | 463 | 257 | 1573 | 0.555075593952 | 0.972072072072 | 0.839688715953
221 | 1 | 120 | db8 | 4 | 0.8 | 8 | 0.95 | 359 | 15 | 1122 | 685 | 326 | 1822 | 0.475912408759 | 0.986807387863 | 0.757596218771
221 | 1 | 120 | db8 | 4 | 0.8 | 8 | 0.975 | 281 | 23 | 1200 | 599 | 318 | 1822 | 0.530884808013 | 0.981193785773 | 0.810263335584
221 | 1 | 180 | db8 | 4 | 0.8 | 12 | 0.95 | 428 | 14 | 987 | 738 | 310 | 1739 | 0.420054200542 | 0.986013986014 | 0.697526501767
221 | 1 | 180 | db8 | 4 | 0.8 | 12 | 0.975 | 353 | 20 | 1062 | 657 | 304 | 1739 | 0.462709284627 | 0.981515711645 | 0.750530035336
221 | 1 | 240 | db8 | 4 | 0.8 | 11 | 0.95 | 345 | 19 | 1007 | 633 | 288 | 1659 | 0.454976303318 | 0.981481481481 | 0.744822485207
221 | 1 | 240 | db8 | 4 | 0.8 | 11 | 0.975 | 264 | 32 | 1088 | 539 | 275 | 1659 | 0.510204081633 | 0.971428571429 | 0.804733727811
221 | 1 | 300 | db8 | 4 | 0.8 | 11 | 0.95 | 308 | 9 | 977 | 587 | 279 | 1573 | 0.475298126065 | 0.990872210953 | 0.760311284047
221 | 1 | 300 | db8 | 4 | 0.8 | 11 | 0.975 | 255 | 18 | 1030 | 525 | 270 | 1573 | 0.514285714286 | 0.982824427481 | 0.801556420233
221 | 1 | 120 | db8 | 4 | 0.9 | 12 | 0.95 | 485 | 10 | 996 | 816 | 331 | 1822 | 0.405637254902 | 0.990059642147 | 0.672518568535
221 | 1 | 120 | db8 | 4 | 0.9 | 12 | 0.975 | 400 | 16 | 1081 | 725 | 325 | 1822 | 0.448275862069 | 0.985414767548 | 0.729912221472
221 | 1 | 180 | db8 | 4 | 0.9 | 17 | 0.95 | 656 | 8 | 759 | 972 | 316 | 1739 | 0.325102880658 | 0.989569752282 | 0.536395759717
221 | 1 | 180 | db8 | 4 | 0.9 | 17 | 0.975 | 560 | 15 | 855 | 869 | 309 | 1739 | 0.355581127733 | 0.98275862069 | 0.604240282686
221 | 1 | 240 | db8 | 4 | 0.9 | 17 | 0.95 | 570 | 14 | 782 | 863 | 293 | 1659 | 0.339513325608 | 0.982412060302 | 0.578402366864
221 | 1 | 240 | db8 | 4 | 0.9 | 17 | 0.975 | 488 | 16 | 864 | 779 | 291 | 1659 | 0.373555840822 | 0.981818181818 | 0.639053254438
221 | 1 | 300 | db8 | 4 | 0.9 | 16 | 0.95 | 488 | 9 | 797 | 767 | 279 | 1573 | 0.363754889179 | 0.988833746898 | 0.620233463035
221 | 1 | 300 | db8 | 4 | 0.9 | 16 | 0.975 | 413 | 15 | 872 | 686 | 273 | 1573 | 0.397959183673 | 0.983089064262 | 0.67859922179
223 | 0 | 120 | db8 | 4 | 0.7 | 9 | 0.95 | 484 | 0 | 1012 | 849 | 365 | 1861 | 0.429917550059 | 1.0 | 0.676470588235
223 | 0 | 120 | db8 | 4 | 0.7 | 9 | 0.975 | 395 | 0 | 1101 | 760 | 365 | 1861 | 0.480263157895 | 1.0 | 0.735962566845
223 | 0 | 180 | db8 | 4 | 0.7 | 6 | 0.95 | 197 | 9 | 1238 | 542 | 345 | 1789 | 0.636531365314 | 0.992782678428 | 0.862717770035
223 | 0 | 180 | db8 | 4 | 0.7 | 6 | 0.975 | 155 | 19 | 1280 | 490 | 335 | 1789 | 0.683673469388 | 0.985373364126 | 0.891986062718
223 | 0 | 240 | db8 | 4 | 0.7 | 6 | 0.95 | 283 | 5 | 1075 | 631 | 348 | 1711 | 0.551505546751 | 0.99537037037 | 0.791605301915
223 | 0 | 240 | db8 | 4 | 0.7 | 6 | 0.975 | 223 | 12 | 1135 | 564 | 341 | 1711 | 0.604609929078 | 0.989537925022 | 0.835787923417
223 | 0 | 300 | db8 | 4 | 0.7 | 6 | 0.95 | 305 | 3 | 973 | 654 | 349 | 1630 | 0.533639143731 | 0.996926229508 | 0.761345852895
223 | 0 | 300 | db8 | 4 | 0.7 | 6 | 0.975 | 249 | 9 | 1029 | 592 | 343 | 1630 | 0.579391891892 | 0.991329479769 | 0.805164319249
223 | 0 | 120 | db8 | 4 | 0.8 | 14 | 0.95 | 1025 | 0 | 471 | 1390 | 365 | 1861 | 0.262589928058 | 1.0 | 0.314839572193
223 | 0 | 120 | db8 | 4 | 0.8 | 14 | 0.975 | 956 | 0 | 540 | 1321 | 365 | 1861 | 0.276305828917 | 1.0 | 0.360962566845
223 | 0 | 180 | db8 | 4 | 0.8 | 9 | 0.95 | 324 | 5 | 1111 | 673 | 349 | 1789 | 0.518573551263 | 0.995519713262 | 0.774216027875
223 | 0 | 180 | db8 | 4 | 0.8 | 9 | 0.975 | 260 | 11 | 1175 | 603 | 343 | 1789 | 0.568822553897 | 0.990725126476 | 0.81881533101
223 | 0 | 240 | db8 | 4 | 0.8 | 10 | 0.95 | 396 | 5 | 962 | 744 | 348 | 1711 | 0.467741935484 | 0.994829369183 | 0.708394698085
223 | 0 | 240 | db8 | 4 | 0.8 | 10 | 0.975 | 324 | 9 | 1034 | 668 | 344 | 1711 | 0.51497005988 | 0.991371045062 | 0.761413843888
223 | 0 | 300 | db8 | 4 | 0.8 | 10 | 0.95 | 448 | 3 | 830 | 797 | 349 | 1630 | 0.437892095358 | 0.996398559424 | 0.649452269171
223 | 0 | 300 | db8 | 4 | 0.8 | 10 | 0.975 | 367 | 5 | 911 | 714 | 347 | 1630 | 0.485994397759 | 0.994541484716 | 0.712832550861
223 | 0 | 120 | db8 | 4 | 0.9 | 22 | 0.95 | 507 | 0 | 989 | 872 | 365 | 1861 | 0.418577981651 | 1.0 | 0.661096256684
223 | 0 | 120 | db8 | 4 | 0.9 | 22 | 0.975 | 424 | 0 | 1072 | 789 | 365 | 1861 | 0.462610899873 | 1.0 | 0.716577540107
223 | 0 | 180 | db8 | 4 | 0.9 | 19 | 0.95 | 469 | 3 | 966 | 820 | 351 | 1789 | 0.428048780488 | 0.996904024768 | 0.673170731707
223 | 0 | 180 | db8 | 4 | 0.9 | 19 | 0.975 | 400 | 3 | 1035 | 751 | 351 | 1789 | 0.467376830892 | 0.99710982659 | 0.721254355401
223 | 0 | 240 | db8 | 4 | 0.9 | 21 | 0.95 | 494 | 0 | 864 | 847 | 353 | 1711 | 0.416765053129 | 1.0 | 0.636229749632
223 | 0 | 240 | db8 | 4 | 0.9 | 21 | 0.975 | 418 | 0 | 940 | 771 | 353 | 1711 | 0.45784695201 | 1.0 | 0.692194403535
223 | 0 | 300 | db8 | 4 | 0.9 | 20 | 0.95 | 523 | 0 | 755 | 875 | 352 | 1630 | 0.402285714286 | 1.0 | 0.590766823161
223 | 0 | 300 | db8 | 4 | 0.9 | 20 | 0.975 | 457 | 1 | 821 | 808 | 351 | 1630 | 0.434405940594 | 0.998783454988 | 0.642410015649
223 | 1 | 120 | db8 | 4 | 0.7 | 15 | 0.95 | 506 | 0 | 990 | 871 | 365 | 1861 | 0.419058553387 | 1.0 | 0.661764705882
223 | 1 | 120 | db8 | 4 | 0.7 | 15 | 0.975 | 427 | 0 | 1069 | 792 | 365 | 1861 | 0.460858585859 | 1.0 | 0.714572192513
223 | 1 | 180 | db8 | 4 | 0.7 | 9 | 0.95 | 138 | 0 | 1297 | 492 | 354 | 1789 | 0.719512195122 | 1.0 | 0.903832752613
223 | 1 | 180 | db8 | 4 | 0.7 | 9 | 0.975 | 118 | 1 | 1317 | 471 | 353 | 1789 | 0.749469214437 | 0.999241274659 | 0.917770034843
223 | 1 | 240 | db8 | 4 | 0.7 | 9 | 0.95 | 196 | 1 | 1162 | 548 | 352 | 1711 | 0.642335766423 | 0.999140154772 | 0.855670103093
223 | 1 | 240 | db8 | 4 | 0.7 | 9 | 0.975 | 152 | 3 | 1206 | 502 | 350 | 1711 | 0.697211155378 | 0.997518610422 | 0.888070692194
223 | 1 | 300 | db8 | 4 | 0.7 | 10 | 0.95 | 218 | 0 | 1060 | 570 | 352 | 1630 | 0.617543859649 | 1.0 | 0.829420970266
223 | 1 | 300 | db8 | 4 | 0.7 | 10 | 0.975 | 172 | 0 | 1106 | 524 | 352 | 1630 | 0.671755725191 | 1.0 | 0.865414710485
223 | 1 | 120 | db8 | 4 | 0.8 | 20 | 0.95 | 355 | 4 | 1141 | 716 | 361 | 1861 | 0.504189944134 | 0.996506550218 | 0.762700534759
223 | 1 | 120 | db8 | 4 | 0.8 | 20 | 0.975 | 325 | 4 | 1171 | 686 | 361 | 1861 | 0.526239067055 | 0.996595744681 | 0.782754010695
223 | 1 | 180 | db8 | 4 | 0.8 | 12 | 0.95 | 168 | 0 | 1267 | 522 | 354 | 1789 | 0.67816091954 | 1.0 | 0.882926829268
223 | 1 | 180 | db8 | 4 | 0.8 | 12 | 0.975 | 135 | 1 | 1300 | 488 | 353 | 1789 | 0.723360655738 | 0.999231360492 | 0.905923344948
223 | 1 | 240 | db8 | 4 | 0.8 | 12 | 0.95 | 238 | 0 | 1120 | 591 | 353 | 1711 | 0.597292724196 | 1.0 | 0.824742268041
223 | 1 | 240 | db8 | 4 | 0.8 | 12 | 0.975 | 189 | 0 | 1169 | 542 | 353 | 1711 | 0.651291512915 | 1.0 | 0.860824742268
223 | 1 | 300 | db8 | 4 | 0.8 | 13 | 0.95 | 261 | 0 | 1017 | 613 | 352 | 1630 | 0.574225122349 | 1.0 | 0.795774647887
223 | 1 | 300 | db8 | 4 | 0.8 | 13 | 0.975 | 221 | 0 | 1057 | 573 | 352 | 1630 | 0.614310645724 | 1.0 | 0.827073552426
223 | 1 | 120 | db8 | 4 | 0.9 | 28 | 0.95 | 477 | 0 | 1019 | 842 | 365 | 1861 | 0.433491686461 | 1.0 | 0.68114973262
223 | 1 | 120 | db8 | 4 | 0.9 | 28 | 0.975 | 416 | 0 | 1080 | 781 | 365 | 1861 | 0.467349551857 | 1.0 | 0.72192513369
223 | 1 | 180 | db8 | 4 | 0.9 | 18 | 0.95 | 156 | 61 | 1279 | 449 | 293 | 1789 | 0.652561247216 | 0.95447761194 | 0.891289198606
223 | 1 | 180 | db8 | 4 | 0.9 | 18 | 0.975 | 139 | 63 | 1296 | 430 | 291 | 1789 | 0.676744186047 | 0.953642384106 | 0.903135888502
223 | 1 | 240 | db8 | 4 | 0.9 | 20 | 0.95 | 219 | 1 | 1139 | 571 | 352 | 1711 | 0.61646234676 | 0.999122807018 | 0.838733431517
223 | 1 | 240 | db8 | 4 | 0.9 | 20 | 0.975 | 185 | 4 | 1173 | 534 | 349 | 1711 | 0.653558052434 | 0.996601529312 | 0.863770250368
223 | 1 | 300 | db8 | 4 | 0.9 | 20 | 0.95 | 208 | 0 | 1070 | 560 | 352 | 1630 | 0.628571428571 | 1.0 | 0.837245696401
223 | 1 | 300 | db8 | 4 | 0.9 | 20 | 0.975 | 182 | 0 | 1096 | 534 | 352 | 1630 | 0.659176029963 | 1.0 | 0.857589984351
228 | 0 | 120 | db8 | 4 | 0.7 | 16 | 0.95 | 221 | 128 | 1028 | 353 | 132 | 1509 | 0.373937677054 | 0.889273356401 | 0.823058446757
228 | 0 | 120 | db8 | 4 | 0.7 | 16 | 0.975 | 207 | 142 | 1042 | 325 | 118 | 1509 | 0.363076923077 | 0.880067567568 | 0.834267413931
228 | 0 | 180 | db8 | 4 | 0.7 | 14 | 0.95 | 124 | 129 | 1067 | 243 | 119 | 1439 | 0.489711934156 | 0.892140468227 | 0.895885810243
228 | 0 | 180 | db8 | 4 | 0.7 | 14 | 0.975 | 104 | 138 | 1087 | 214 | 110 | 1439 | 0.514018691589 | 0.887346938776 | 0.912678421495
228 | 0 | 240 | db8 | 4 | 0.7 | 15 | 0.95 | 112 | 132 | 1019 | 218 | 106 | 1369 | 0.48623853211 | 0.885317115552 | 0.900972590628
228 | 0 | 240 | db8 | 4 | 0.7 | 15 | 0.975 | 93 | 145 | 1038 | 186 | 93 | 1369 | 0.5 | 0.877430262046 | 0.917771883289
228 | 0 | 300 | db8 | 4 | 0.7 | 15 | 0.95 | 61 | 137 | 1006 | 156 | 95 | 1299 | 0.608974358974 | 0.880139982502 | 0.942830365511
228 | 0 | 300 | db8 | 4 | 0.7 | 15 | 0.975 | 53 | 146 | 1014 | 139 | 86 | 1299 | 0.618705035971 | 0.874137931034 | 0.950328022493
228 | 0 | 120 | db8 | 4 | 0.8 | 20 | 0.95 | 274 | 123 | 975 | 411 | 137 | 1509 | 0.333333333333 | 0.887978142077 | 0.7806244996
228 | 0 | 120 | db8 | 4 | 0.8 | 20 | 0.975 | 257 | 142 | 992 | 375 | 118 | 1509 | 0.314666666667 | 0.874779541446 | 0.794235388311
228 | 0 | 180 | db8 | 4 | 0.8 | 18 | 0.95 | 167 | 123 | 1024 | 292 | 125 | 1439 | 0.428082191781 | 0.892763731473 | 0.859781696054
228 | 0 | 180 | db8 | 4 | 0.8 | 18 | 0.975 | 140 | 134 | 1051 | 254 | 114 | 1439 | 0.448818897638 | 0.886919831224 | 0.882451721243
228 | 0 | 240 | db8 | 4 | 0.8 | 20 | 0.95 | 174 | 130 | 957 | 282 | 108 | 1369 | 0.382978723404 | 0.880404783809 | 0.846153846154
228 | 0 | 240 | db8 | 4 | 0.8 | 20 | 0.975 | 154 | 134 | 977 | 258 | 104 | 1369 | 0.403100775194 | 0.879387938794 | 0.863837312113
228 | 0 | 300 | db8 | 4 | 0.8 | 19 | 0.95 | 80 | 137 | 987 | 175 | 95 | 1299 | 0.542857142857 | 0.878113879004 | 0.925023430178
228 | 0 | 300 | db8 | 4 | 0.8 | 19 | 0.975 | 68 | 144 | 999 | 156 | 88 | 1299 | 0.564102564103 | 0.874015748031 | 0.936269915651
228 | 0 | 120 | db8 | 4 | 0.9 | 26 | 0.95 | 335 | 112 | 914 | 483 | 148 | 1509 | 0.306418219462 | 0.890838206628 | 0.731785428343
228 | 0 | 120 | db8 | 4 | 0.9 | 26 | 0.975 | 311 | 123 | 938 | 448 | 137 | 1509 | 0.305803571429 | 0.884071630537 | 0.751000800641
228 | 0 | 180 | db8 | 4 | 0.9 | 24 | 0.95 | 225 | 122 | 966 | 351 | 126 | 1439 | 0.358974358974 | 0.887867647059 | 0.811083123426
228 | 0 | 180 | db8 | 4 | 0.9 | 24 | 0.975 | 200 | 130 | 991 | 318 | 118 | 1439 | 0.37106918239 | 0.884032114184 | 0.83207388749
228 | 0 | 240 | db8 | 4 | 0.9 | 25 | 0.95 | 203 | 123 | 928 | 318 | 115 | 1369 | 0.361635220126 | 0.882968601332 | 0.820512820513
228 | 0 | 240 | db8 | 4 | 0.9 | 25 | 0.975 | 185 | 129 | 946 | 294 | 109 | 1369 | 0.37074829932 | 0.88 | 0.836427939876
228 | 0 | 300 | db8 | 4 | 0.9 | 25 | 0.95 | 92 | 133 | 975 | 191 | 99 | 1299 | 0.51832460733 | 0.879963898917 | 0.913776944705
228 | 0 | 300 | db8 | 4 | 0.9 | 25 | 0.975 | 77 | 142 | 990 | 167 | 90 | 1299 | 0.538922155689 | 0.874558303887 | 0.927835051546
228 | 1 | 120 | db8 | 4 | 0.7 | 8 | 0.95 | 33 | 187 | 1216 | 106 | 73 | 1509 | 0.688679245283 | 0.866714183892 | 0.97357886309
228 | 1 | 120 | db8 | 4 | 0.7 | 8 | 0.975 | 28 | 198 | 1221 | 90 | 62 | 1509 | 0.688888888889 | 0.860465116279 | 0.977582065653
228 | 1 | 180 | db8 | 4 | 0.7 | 8 | 0.95 | 27 | 175 | 1164 | 100 | 73 | 1439 | 0.73 | 0.86930545183 | 0.977329974811
228 | 1 | 180 | db8 | 4 | 0.7 | 8 | 0.975 | 23 | 189 | 1168 | 82 | 59 | 1439 | 0.719512195122 | 0.860722181282 | 0.980688497061
228 | 1 | 240 | db8 | 4 | 0.7 | 8 | 0.95 | 18 | 151 | 1113 | 105 | 87 | 1369 | 0.828571428571 | 0.880537974684 | 0.984084880637
228 | 1 | 240 | db8 | 4 | 0.7 | 8 | 0.975 | 13 | 169 | 1118 | 82 | 69 | 1369 | 0.841463414634 | 0.868686868687 | 0.988505747126
228 | 1 | 300 | db8 | 4 | 0.7 | 8 | 0.95 | 19 | 139 | 1048 | 112 | 93 | 1299 | 0.830357142857 | 0.882898062342 | 0.982193064667
228 | 1 | 300 | db8 | 4 | 0.7 | 8 | 0.975 | 14 | 154 | 1053 | 92 | 78 | 1299 | 0.847826086957 | 0.872410936205 | 0.986879100281
228 | 1 | 120 | db8 | 4 | 0.8 | 10 | 0.95 | 53 | 152 | 1196 | 161 | 108 | 1509 | 0.670807453416 | 0.887240356083 | 0.957566052842
228 | 1 | 120 | db8 | 4 | 0.8 | 10 | 0.975 | 45 | 165 | 1204 | 140 | 95 | 1509 | 0.678571428571 | 0.879474068663 | 0.963971176942
228 | 1 | 180 | db8 | 4 | 0.8 | 10 | 0.95 | 32 | 150 | 1159 | 130 | 98 | 1439 | 0.753846153846 | 0.885408708938 | 0.973131821998
228 | 1 | 180 | db8 | 4 | 0.8 | 10 | 0.975 | 26 | 164 | 1165 | 110 | 84 | 1439 | 0.763636363636 | 0.876598946576 | 0.978169605374
228 | 1 | 240 | db8 | 4 | 0.8 | 10 | 0.95 | 20 | 157 | 1111 | 101 | 81 | 1369 | 0.80198019802 | 0.8761829653 | 0.982316534041
228 | 1 | 240 | db8 | 4 | 0.8 | 10 | 0.975 | 16 | 169 | 1115 | 85 | 69 | 1369 | 0.811764705882 | 0.868380062305 | 0.985853227233
228 | 1 | 300 | db8 | 4 | 0.8 | 10 | 0.95 | 19 | 144 | 1048 | 107 | 88 | 1299 | 0.822429906542 | 0.879194630872 | 0.982193064667
228 | 1 | 300 | db8 | 4 | 0.8 | 10 | 0.975 | 15 | 160 | 1052 | 87 | 72 | 1299 | 0.827586206897 | 0.86798679868 | 0.985941893158
228 | 1 | 120 | db8 | 4 | 0.9 | 13 | 0.95 | 72 | 132 | 1177 | 200 | 128 | 1509 | 0.64 | 0.899159663866 | 0.942353883106
228 | 1 | 120 | db8 | 4 | 0.9 | 13 | 0.975 | 57 | 140 | 1192 | 177 | 120 | 1509 | 0.677966101695 | 0.894894894895 | 0.954363490793
228 | 1 | 180 | db8 | 4 | 0.9 | 13 | 0.95 | 34 | 146 | 1157 | 136 | 102 | 1439 | 0.75 | 0.887950882579 | 0.971452560873
228 | 1 | 180 | db8 | 4 | 0.9 | 13 | 0.975 | 30 | 163 | 1161 | 115 | 85 | 1439 | 0.739130434783 | 0.876888217523 | 0.974811083123
228 | 1 | 240 | db8 | 4 | 0.9 | 14 | 0.95 | 27 | 153 | 1104 | 112 | 85 | 1369 | 0.758928571429 | 0.878281622912 | 0.976127320955
228 | 1 | 240 | db8 | 4 | 0.9 | 14 | 0.975 | 23 | 166 | 1108 | 95 | 72 | 1369 | 0.757894736842 | 0.869701726845 | 0.979664014147
228 | 1 | 300 | db8 | 4 | 0.9 | 14 | 0.95 | 25 | 145 | 1042 | 112 | 87 | 1299 | 0.776785714286 | 0.877843302443 | 0.976569821931
228 | 1 | 300 | db8 | 4 | 0.9 | 14 | 0.975 | 21 | 154 | 1046 | 99 | 78 | 1299 | 0.787878787879 | 0.871666666667 | 0.980318650422
233 | 0 | 120 | db8 | 4 | 0.7 | 12 | 0.95 | 24 | 219 | 1634 | 412 | 388 | 2265 | 0.941747572816 | 0.881813275769 | 0.985524728589
233 | 0 | 120 | db8 | 4 | 0.7 | 12 | 0.975 | 20 | 274 | 1638 | 353 | 333 | 2265 | 0.943342776204 | 0.856694560669 | 0.987937273824
233 | 0 | 180 | db8 | 4 | 0.7 | 12 | 0.95 | 25 | 271 | 1571 | 322 | 297 | 2164 | 0.922360248447 | 0.852877307275 | 0.984335839599
233 | 0 | 180 | db8 | 4 | 0.7 | 12 | 0.975 | 21 | 306 | 1575 | 283 | 262 | 2164 | 0.925795053004 | 0.837320574163 | 0.986842105263
233 | 0 | 240 | db8 | 4 | 0.7 | 12 | 0.95 | 27 | 253 | 1496 | 314 | 287 | 2063 | 0.914012738854 | 0.85534591195 | 0.982271831911
233 | 0 | 240 | db8 | 4 | 0.7 | 12 | 0.975 | 24 | 287 | 1499 | 277 | 253 | 2063 | 0.913357400722 | 0.839305711086 | 0.984241628365
233 | 0 | 300 | db8 | 4 | 0.7 | 12 | 0.95 | 31 | 231 | 1413 | 319 | 288 | 1963 | 0.902821316614 | 0.859489051095 | 0.978531855956
233 | 0 | 300 | db8 | 4 | 0.7 | 12 | 0.975 | 27 | 255 | 1417 | 291 | 264 | 1963 | 0.907216494845 | 0.847488038278 | 0.981301939058
233 | 0 | 120 | db8 | 4 | 0.8 | 16 | 0.95 | 33 | 224 | 1625 | 416 | 383 | 2265 | 0.920673076923 | 0.878853434289 | 0.980096501809
233 | 0 | 120 | db8 | 4 | 0.8 | 16 | 0.975 | 27 | 265 | 1631 | 369 | 342 | 2265 | 0.926829268293 | 0.860232067511 | 0.983715319662
233 | 0 | 180 | db8 | 4 | 0.8 | 16 | 0.95 | 34 | 253 | 1562 | 349 | 315 | 2164 | 0.902578796562 | 0.860606060606 | 0.978696741855
233 | 0 | 180 | db8 | 4 | 0.8 | 16 | 0.975 | 27 | 295 | 1569 | 300 | 273 | 2164 | 0.91 | 0.841738197425 | 0.983082706767
233 | 0 | 240 | db8 | 4 | 0.8 | 16 | 0.95 | 37 | 239 | 1486 | 338 | 301 | 2063 | 0.890532544379 | 0.861449275362 | 0.975705843729
233 | 0 | 240 | db8 | 4 | 0.8 | 16 | 0.975 | 32 | 278 | 1491 | 294 | 262 | 2063 | 0.891156462585 | 0.84284906727 | 0.97898883782
233 | 0 | 300 | db8 | 4 | 0.8 | 16 | 0.95 | 35 | 203 | 1409 | 351 | 316 | 1963 | 0.900284900285 | 0.874069478908 | 0.975761772853
233 | 0 | 300 | db8 | 4 | 0.8 | 16 | 0.975 | 32 | 226 | 1412 | 325 | 293 | 1963 | 0.901538461538 | 0.862026862027 | 0.97783933518
233 | 0 | 120 | db8 | 4 | 0.9 | 22 | 0.95 | 55 | 203 | 1603 | 459 | 404 | 2265 | 0.880174291939 | 0.887596899225 | 0.966827503016
233 | 0 | 120 | db8 | 4 | 0.9 | 22 | 0.975 | 47 | 243 | 1611 | 411 | 364 | 2265 | 0.885644768856 | 0.868932038835 | 0.971652593486
233 | 0 | 180 | db8 | 4 | 0.9 | 22 | 0.95 | 60 | 258 | 1536 | 370 | 310 | 2164 | 0.837837837838 | 0.85618729097 | 0.962406015038
233 | 0 | 180 | db8 | 4 | 0.9 | 22 | 0.975 | 56 | 283 | 1540 | 341 | 285 | 2164 | 0.8357771261 | 0.844761382337 | 0.964912280702
233 | 0 | 240 | db8 | 4 | 0.9 | 21 | 0.95 | 49 | 233 | 1474 | 356 | 307 | 2063 | 0.862359550562 | 0.863503222027 | 0.967826657912
233 | 0 | 240 | db8 | 4 | 0.9 | 21 | 0.975 | 42 | 268 | 1481 | 314 | 272 | 2063 | 0.866242038217 | 0.846769582619 | 0.972422849639
233 | 0 | 300 | db8 | 4 | 0.9 | 21 | 0.95 | 52 | 206 | 1392 | 365 | 313 | 1963 | 0.857534246575 | 0.871088861076 | 0.963988919668
233 | 0 | 300 | db8 | 4 | 0.9 | 21 | 0.975 | 43 | 230 | 1401 | 332 | 289 | 1963 | 0.870481927711 | 0.858982219497 | 0.970221606648
233 | 1 | 120 | db8 | 4 | 0.7 | 8 | 0.95 | 19 | 138 | 1639 | 488 | 469 | 2265 | 0.96106557377 | 0.922341024198 | 0.988540410133
233 | 1 | 120 | db8 | 4 | 0.7 | 8 | 0.975 | 14 | 195 | 1644 | 426 | 412 | 2265 | 0.967136150235 | 0.89396411093 | 0.991556091677
233 | 1 | 180 | db8 | 4 | 0.7 | 7 | 0.95 | 19 | 213 | 1577 | 374 | 355 | 2164 | 0.949197860963 | 0.881005586592 | 0.988095238095
233 | 1 | 180 | db8 | 4 | 0.7 | 7 | 0.975 | 13 | 269 | 1583 | 312 | 299 | 2164 | 0.958333333333 | 0.85475161987 | 0.991854636591
233 | 1 | 240 | db8 | 4 | 0.7 | 7 | 0.95 | 23 | 199 | 1500 | 364 | 341 | 2063 | 0.936813186813 | 0.88287227781 | 0.984898227183
233 | 1 | 240 | db8 | 4 | 0.7 | 7 | 0.975 | 19 | 265 | 1504 | 294 | 275 | 2063 | 0.93537414966 | 0.850197851894 | 0.987524622456
233 | 1 | 300 | db8 | 4 | 0.7 | 7 | 0.95 | 23 | 164 | 1421 | 378 | 355 | 1963 | 0.939153439153 | 0.896529968454 | 0.984072022161
233 | 1 | 300 | db8 | 4 | 0.7 | 7 | 0.975 | 21 | 228 | 1423 | 312 | 291 | 1963 | 0.932692307692 | 0.86190187765 | 0.985457063712
233 | 1 | 120 | db8 | 4 | 0.8 | 11 | 0.95 | 25 | 192 | 1633 | 440 | 415 | 2265 | 0.943181818182 | 0.894794520548 | 0.98492159228
233 | 1 | 120 | db8 | 4 | 0.8 | 11 | 0.975 | 19 | 247 | 1639 | 379 | 360 | 2265 | 0.949868073879 | 0.869034994698 | 0.988540410133
233 | 1 | 180 | db8 | 4 | 0.8 | 10 | 0.95 | 27 | 230 | 1569 | 365 | 338 | 2164 | 0.92602739726 | 0.872151195108 | 0.983082706767
233 | 1 | 180 | db8 | 4 | 0.8 | 10 | 0.975 | 22 | 280 | 1574 | 310 | 288 | 2164 | 0.929032258065 | 0.848975188781 | 0.986215538847
233 | 1 | 240 | db8 | 4 | 0.8 | 10 | 0.95 | 30 | 214 | 1493 | 356 | 326 | 2063 | 0.915730337079 | 0.874633860574 | 0.980302035456
233 | 1 | 240 | db8 | 4 | 0.8 | 10 | 0.975 | 26 | 258 | 1497 | 308 | 282 | 2063 | 0.915584415584 | 0.852991452991 | 0.982928430729
233 | 1 | 300 | db8 | 4 | 0.8 | 10 | 0.95 | 37 | 186 | 1407 | 370 | 333 | 1963 | 0.9 | 0.883239171375 | 0.974376731302
233 | 1 | 300 | db8 | 4 | 0.8 | 10 | 0.975 | 28 | 230 | 1416 | 317 | 289 | 1963 | 0.91167192429 | 0.860267314702 | 0.980609418283
233 | 1 | 120 | db8 | 4 | 0.9 | 18 | 0.95 | 47 | 207 | 1611 | 447 | 400 | 2265 | 0.89485458613 | 0.886138613861 | 0.971652593486
233 | 1 | 120 | db8 | 4 | 0.9 | 18 | 0.975 | 37 | 237 | 1621 | 407 | 370 | 2265 | 0.909090909091 | 0.872443487621 | 0.977683956574
233 | 1 | 180 | db8 | 4 | 0.9 | 17 | 0.95 | 45 | 275 | 1551 | 338 | 293 | 2164 | 0.866863905325 | 0.849397590361 | 0.971804511278
233 | 1 | 180 | db8 | 4 | 0.9 | 17 | 0.975 | 40 | 314 | 1556 | 294 | 254 | 2164 | 0.863945578231 | 0.832085561497 | 0.974937343358
233 | 1 | 240 | db8 | 4 | 0.9 | 17 | 0.95 | 55 | 286 | 1468 | 309 | 254 | 2063 | 0.822006472492 | 0.836944127708 | 0.963887065003
233 | 1 | 240 | db8 | 4 | 0.9 | 17 | 0.975 | 44 | 324 | 1479 | 260 | 216 | 2063 | 0.830769230769 | 0.820299500832 | 0.971109652003
233 | 1 | 300 | db8 | 4 | 0.9 | 17 | 0.95 | 64 | 251 | 1380 | 332 | 268 | 1963 | 0.807228915663 | 0.846106683017 | 0.95567867036
233 | 1 | 300 | db8 | 4 | 0.9 | 17 | 0.975 | 53 | 287 | 1391 | 285 | 232 | 1963 | 0.814035087719 | 0.828963051251 | 0.